date,dxy
2015-08-24,93.35600280761719
2015-08-25,94.54399871826172
2015-08-26,95.13099670410156
2015-08-27,95.6520004272461
2015-08-28,96.13500213623047
2015-08-31,95.85399627685547
2015-09-01,95.44599914550781
2015-09-02,95.84400177001953
2015-09-03,96.4229965209961
2015-09-04,96.23999786376953
2015-09-07,96.23999786376953
2015-09-08,95.98699951171875
2015-09-09,96.01000213623047
2015-09-10,95.44200134277344
2015-09-11,95.19400024414062
2015-09-14,95.36399841308594
2015-09-15,95.78500366210938
2015-09-16,95.5459976196289
2015-09-17,94.677001953125
2015-09-18,94.99600219726562
2015-09-21,96.03399658203125
2015-09-22,96.44599914550781
2015-09-23,96.20600128173828
2015-09-24,96.14900207519531
2015-09-25,96.43399810791016
2015-09-28,96.18199920654297
2015-09-29,95.99299621582031
2015-09-30,96.4800033569336
2015-10-01,96.32599639892578
2015-10-02,95.96700286865234
2015-10-05,96.23999786376953
2015-10-06,95.56300354003906
2015-10-07,95.58000183105469
2015-10-08,95.40699768066406
2015-10-09,94.88300323486328
2015-10-12,94.76499938964844
2015-10-13,94.79000091552734
2015-10-14,93.95700073242188
2015-10-15,94.43000030517578
2015-10-16,94.58799743652344
2015-10-19,94.9530029296875
2015-10-20,94.93900299072266
2015-10-21,95.06800079345703
2015-10-22,96.4540023803711
2015-10-23,97.24299621582031
2015-10-26,96.95500183105469
2015-10-27,96.99199676513672
2015-10-28,97.86100006103516
2015-10-29,97.36399841308594
2015-10-30,97.01899719238281
2015-11-02,97.00299835205078
2015-11-03,97.24299621582031
2015-11-04,98.02899932861328
2015-11-05,98.05000305175781
2015-11-06,99.26000213623047
2015-11-09,99.07599639892578
2015-11-10,99.38999938964844
2015-11-11,99.15799713134766
2015-11-12,98.71199798583984
2015-11-13,99.09700012207031
2015-11-16,99.53800201416016
2015-11-17,99.69999694824219
2015-11-18,99.74500274658203
2015-11-19,99.06400299072266
2015-11-20,99.6240005493164
2015-11-23,99.8550033569336
2015-11-24,99.58999633789062
2015-11-25,99.83000183105469
2015-11-26,99.83000183105469
2015-11-27,100.072998046875
2015-11-30,100.20999908447266
2015-12-01,99.83999633789062
2015-12-02,100.0199966430664
2015-12-03,97.63400268554688
2015-12-04,98.34300231933594
2015-12-07,98.66899871826172
2015-12-08,98.46800231933594
2015-12-09,97.33399963378906
2015-12-10,97.95999908447266
2015-12-11,97.5510025024414
2015-12-14,97.46900177001953
2015-12-15,98.28800201416016
2015-12-16,97.88400268554688
2015-12-17,99.31999969482422
2015-12-18,98.73100280761719
2015-12-21,98.36900329589844
2015-12-22,98.24400329589844
2015-12-23,98.36699676513672
2015-12-24,98.01599884033203
2015-12-25,98.01599884033203
2015-12-28,97.94999694824219
2015-12-29,98.1729965209961
2015-12-30,98.35399627685547
2015-12-31,98.74500274658203
2016-01-01,98.74500274658203
2016-01-04,98.96800231933594
2016-01-05,99.49600219726562
2016-01-06,99.26599884033203
2016-01-07,98.27200317382812
2016-01-08,98.5989990234375
2016-01-11,98.78399658203125
2016-01-12,99.02400207519531
2016-01-13,98.97799682617188
2016-01-14,99.15499877929688
2016-01-15,99.0199966430664
2016-01-18,99.0199966430664
2016-01-19,99.03600311279297
2016-01-20,99.17400360107422
2016-01-21,99.12799835205078
2016-01-22,99.6510009765625
2016-01-25,99.40599822998047
2016-01-26,99.13300323486328
2016-01-27,98.9540023803711
2016-01-28,98.53900146484375
2016-01-29,99.6520004272461
2016-02-01,99.02799987792969
2016-02-02,98.89299774169922
2016-02-03,97.3010025024414
2016-02-04,96.48699951171875
2016-02-05,97.05400085449219
2016-02-08,96.58100128173828
2016-02-09,96.09400177001953
2016-02-10,95.93599700927734
2016-02-11,95.61900329589844
2016-02-12,95.98200225830078
2016-02-15,95.98200225830078
2016-02-16,96.875
2016-02-17,96.80000305175781
2016-02-18,96.95999908447266
2016-02-19,96.60399627685547
2016-02-22,97.38800048828125
2016-02-23,97.48500061035156
2016-02-24,97.46399688720703
2016-02-25,97.28199768066406
2016-02-26,98.17500305175781
2016-02-29,98.21900177001953
2016-03-01,98.36499786376953
2016-03-02,98.2249984741211
2016-03-03,97.60099792480469
2016-03-04,97.34300231933594
2016-03-07,97.08399963378906
2016-03-08,97.20600128173828
2016-03-09,97.15899658203125
2016-03-10,96.05500030517578
2016-03-11,96.1719970703125
2016-03-14,96.52100372314453
2016-03-15,96.66799926757812
2016-03-16,95.92500305175781
2016-03-17,94.8010025024414
2016-03-18,95.12000274658203
2016-03-21,95.30400085449219
2016-03-22,95.64399719238281
2016-03-23,96.06400299072266
2016-03-24,96.1729965209961
2016-03-25,96.1729965209961
2016-03-28,95.94000244140625
2016-03-29,95.14600372314453
2016-03-30,94.81900024414062
2016-03-31,94.5780029296875
2016-04-01,94.61799621582031
2016-04-04,94.52400207519531
2016-04-05,94.63700103759766
2016-04-06,94.44100189208984
2016-04-07,94.50399780273438
2016-04-08,94.25199890136719
2016-04-11,93.94200134277344
2016-04-12,93.94499969482422
2016-04-13,94.76200103759766
2016-04-14,94.90799713134766
2016-04-15,94.68599700927734
2016-04-18,94.45999908447266
2016-04-19,93.9469985961914
2016-04-20,94.47100067138672
2016-04-21,94.5739974975586
2016-04-22,95.08000183105469
2016-04-25,94.8010025024414
2016-04-26,94.54299926757812
2016-04-27,94.36699676513672
2016-04-28,93.72699737548828
2016-04-29,93.05400085449219
2016-05-02,92.61799621582031
2016-05-03,92.93099975585938
2016-05-04,93.18699645996094
2016-05-05,93.77999877929688
2016-05-06,93.88300323486328
2016-05-09,94.11499786376953
2016-05-10,94.26699829101562
2016-05-11,93.79000091552734
2016-05-12,94.12799835205078
2016-05-13,94.59300231933594
2016-05-16,94.55000305175781
2016-05-17,94.53099822998047
2016-05-18,95.06300354003906
2016-05-19,95.29399871826172
2016-05-20,95.34300231933594
2016-05-23,95.21600341796875
2016-05-24,95.57599639892578
2016-05-25,95.33999633789062
2016-05-26,95.16200256347656
2016-05-27,95.5
2016-05-30,95.5
2016-05-31,95.87799835205078
2016-06-01,95.45600128173828
2016-06-02,95.56600189208984
2016-06-03,94.02799987792969
2016-06-06,93.88999938964844
2016-06-07,93.83200073242188
2016-06-08,93.58000183105469
2016-06-09,93.9520034790039
2016-06-10,94.56099700927734
2016-06-13,94.39900207519531
2016-06-14,95.04000091552734
2016-06-15,94.68000030517578
2016-06-16,94.70600128173828
2016-06-17,94.33999633789062
2016-06-20,93.68399810791016
2016-06-21,94.06099700927734
2016-06-22,93.75800323486328
2016-06-23,93.5270004272461
2016-06-24,95.5739974975586
2016-06-27,96.7030029296875
2016-06-28,96.33100128173828
2016-06-29,95.80699920654297
2016-06-30,96.2030029296875
2016-07-01,95.71399688720703
2016-07-04,95.71399688720703
2016-07-05,96.25900268554688
2016-07-06,96.13099670410156
2016-07-07,96.38300323486328
2016-07-08,96.3270034790039
2016-07-11,96.58999633789062
2016-07-12,96.48699951171875
2016-07-13,96.20800018310547
2016-07-14,96.0999984741211
2016-07-15,96.56300354003906
2016-07-18,96.58699798583984
2016-07-19,97.10800170898438
2016-07-20,97.26300048828125
2016-07-21,97.0459976196289
2016-07-22,97.51599884033203
2016-07-25,97.32599639892578
2016-07-26,97.16799926757812
2016-07-27,97.04199981689453
2016-07-28,96.72100067138672
2016-07-29,95.49099731445312
2016-08-01,95.677001953125
2016-08-02,94.98799896240234
2016-08-03,95.5250015258789
2016-08-04,95.71700286865234
2016-08-05,96.13600158691406
2016-08-08,96.33999633789062
2016-08-09,96.13200378417969
2016-08-10,95.60800170898438
2016-08-11,95.83799743652344
2016-08-12,95.68199920654297
2016-08-15,95.59400177001953
2016-08-16,94.76399993896484
2016-08-17,94.69000244140625
2016-08-18,94.13700103759766
2016-08-19,94.48300170898438
2016-08-22,94.4990005493164
2016-08-23,94.49400329589844
2016-08-24,94.74700164794922
2016-08-25,94.74299621582031
2016-08-26,95.54199981689453
2016-08-29,95.54299926757812
2016-08-30,96.04100036621094
2016-08-31,96.01200103759766
2016-09-01,95.66000366210938
2016-09-02,95.84400177001953
2016-09-05,95.84400177001953
2016-09-06,94.822998046875
2016-09-07,94.95099639892578
2016-09-08,95.0510025024414
2016-09-09,95.3280029296875
2016-09-12,95.08799743652344
2016-09-13,95.6449966430664
2016-09-14,95.3219985961914
2016-09-15,95.28299713134766
2016-09-16,96.1050033569336
2016-09-19,95.7699966430664
2016-09-20,95.97599792480469
2016-09-21,95.66500091552734
2016-09-22,95.38099670410156
2016-09-23,95.39199829101562
2016-09-26,95.20999908447266
2016-09-27,95.31199645996094
2016-09-28,95.33599853515625
2016-09-29,95.47200012207031
2016-09-30,95.38500213623047
2016-10-03,95.58699798583984
2016-10-04,96.125
2016-10-05,96.11399841308594
2016-10-06,96.77200317382812
2016-10-07,96.65399932861328
2016-10-10,96.65399932861328
2016-10-11,97.69200134277344
2016-10-12,97.96199798583984
2016-10-13,97.51799774169922
2016-10-14,97.99700164794922
2016-10-17,97.87799835205078
2016-10-18,97.89700317382812
2016-10-19,97.94000244140625
2016-10-20,98.31400299072266
2016-10-21,98.68599700927734
2016-10-24,98.75199890136719
2016-10-25,98.68199920654297
2016-10-26,98.61100006103516
2016-10-27,98.87899780273438
2016-10-28,98.34200286865234
2016-10-31,98.4219970703125
2016-11-01,97.6969985961914
2016-11-02,97.41400146484375
2016-11-03,97.19599914550781
2016-11-04,97.08799743652344
2016-11-07,97.79299926757812
2016-11-08,97.86000061035156
2016-11-09,98.52899932861328
2016-11-10,98.77400207519531
2016-11-11,98.77400207519531
2016-11-14,100.12000274658203
2016-11-15,100.25
2016-11-16,100.43800354003906
2016-11-17,100.94599914550781
2016-11-18,101.28299713134766
2016-11-21,101.11299896240234
2016-11-22,101.10600280761719
2016-11-23,101.75900268554688
2016-11-24,101.75900268554688
2016-11-25,101.5459976196289
2016-11-28,101.36799621582031
2016-11-29,100.9489974975586
2016-11-30,101.53900146484375
2016-12-01,101.0989990234375
2016-12-02,100.86100006103516
2016-12-05,100.11199951171875
2016-12-06,100.52999877929688
2016-12-07,100.26799774169922
2016-12-08,101.125
2016-12-09,101.62000274658203
2016-12-12,101.04900360107422
2016-12-13,101.10700225830078
2016-12-14,101.7699966430664
2016-12-15,103.0530014038086
2016-12-16,102.9540023803711
2016-12-19,102.9000015258789
2016-12-20,103.28800201416016
2016-12-21,103.02899932861328
2016-12-22,103.09600067138672
2016-12-23,103.00199890136719
2016-12-26,103.00199890136719
2016-12-27,103.00700378417969
2016-12-28,103.24400329589844
2016-12-29,102.71099853515625
2016-12-30,102.28600311279297
2017-01-02,102.28600311279297
2017-01-03,103.20099639892578
2017-01-04,102.70899963378906
2017-01-05,101.52799987792969
2017-01-06,102.20899963378906
2017-01-09,101.90899658203125
2017-01-10,101.99600219726562
2017-01-11,101.74700164794922
2017-01-12,101.37699890136719
2017-01-13,101.18800354003906
2017-01-16,101.18800354003906
2017-01-17,100.31999969482422
2017-01-18,100.91799926757812
2017-01-19,101.14399719238281
2017-01-20,100.69000244140625
2017-01-23,100.12999725341797
2017-01-24,100.33899688720703
2017-01-25,100.01899719238281
2017-01-26,100.375
2017-01-27,100.5260009765625
2017-01-30,100.41400146484375
2017-01-31,99.48100280761719
2017-02-01,99.60800170898438
2017-02-02,99.78800201416016
2017-02-03,99.84200286865234
2017-02-06,99.86499786376953
2017-02-07,100.24500274658203
2017-02-08,100.26399993896484
2017-02-09,100.64700317382812
2017-02-10,100.79100036621094
2017-02-13,100.94999694824219
2017-02-14,101.23300170898438
2017-02-15,101.16400146484375
2017-02-16,100.43000030517578
2017-02-17,100.95099639892578
2017-02-20,100.95099639892578
2017-02-21,101.3550033569336
2017-02-22,101.19400024414062
2017-02-23,101.0530014038086
2017-02-24,101.08999633789062
2017-02-27,101.12899780273438
2017-02-28,101.12899780273438
2017-03-01,101.77999877929688
2017-03-02,102.2040023803711
2017-03-03,101.5479965209961
2017-03-06,101.6449966430664
2017-03-07,101.80500030517578
2017-03-08,102.07599639892578
2017-03-09,101.85299682617188
2017-03-10,101.24700164794922
2017-03-13,101.30999755859375
2017-03-14,101.5739974975586
2017-03-15,100.57499694824219
2017-03-16,100.18499755859375
2017-03-17,100.11499786376953
2017-03-20,100.23400115966797
2017-03-21,99.61399841308594
2017-03-22,99.46800231933594
2017-03-23,99.56300354003906
2017-03-24,99.44200134277344
2017-03-27,98.9729995727539
2017-03-28,99.54900360107422
2017-03-29,99.83599853515625
2017-03-30,100.28500366210938
2017-03-31,100.21800231933594
2017-04-03,100.41200256347656
2017-04-04,100.4260025024414
2017-04-05,100.44100189208984
2017-04-06,100.56999969482422
2017-04-07,101.11699676513672
2017-04-10,100.9520034790039
2017-04-11,100.62200164794922
2017-04-12,100.71099853515625
2017-04-13,100.46299743652344
2017-04-14,100.46299743652344
2017-04-17,100.19400024414062
2017-04-18,99.40399932861328
2017-04-19,99.63800048828125
2017-04-20,99.68499755859375
2017-04-21,99.87999725341797
2017-04-24,98.9729995727539
2017-04-25,98.64800262451172
2017-04-26,98.91999816894531
2017-04-27,98.95500183105469
2017-04-28,98.89800262451172
2017-05-01,98.93000030517578
2017-05-02,98.8290023803711
2017-05-03,99.08200073242188
2017-05-04,98.64700317382812
2017-05-05,98.52799987792969
2017-05-08,98.93599700927734
2017-05-09,99.54399871826172
2017-05-10,99.55899810791016
2017-05-11,99.50499725341797
2017-05-12,99.13099670410156
2017-05-15,98.8010025024414
2017-05-16,97.99800109863281
2017-05-17,97.46199798583984
2017-05-18,97.77200317382812
2017-05-19,97.02999877929688
2017-05-22,96.88099670410156
2017-05-23,97.26399993896484
2017-05-24,97.14700317382812
2017-05-25,97.1760025024414
2017-05-26,97.36399841308594
2017-05-29,97.36399841308594
2017-05-30,97.21199798583984
2017-05-31,96.85399627685547
2017-06-01,97.14099884033203
2017-06-02,96.66999816894531
2017-06-05,96.75399780273438
2017-06-06,96.59100341796875
2017-06-07,96.70800018310547
2017-06-08,96.89800262451172
2017-06-09,97.23899841308594
2017-06-12,97.12100219726562
2017-06-13,96.94200134277344
2017-06-14,96.9209976196289
2017-06-15,97.43699645996094
2017-06-16,97.14600372314453
2017-06-19,97.32499694824219
2017-06-20,97.41200256347656
2017-06-21,97.21600341796875
2017-06-22,97.3030014038086
2017-06-23,96.94200134277344
2017-06-26,97.11599731445312
2017-06-27,96.09300231933594
2017-06-28,95.74400329589844
2017-06-29,95.36599731445312
2017-06-30,95.4209976196289
2017-07-03,95.96900177001953
2017-07-04,95.96900177001953
2017-07-05,96.05899810791016
2017-07-06,95.57499694824219
2017-07-07,95.79199981689453
2017-07-10,95.7770004272461
2017-07-11,95.4219970703125
2017-07-12,95.51200103759766
2017-07-13,95.50800323486328
2017-07-14,94.93000030517578
2017-07-17,94.90399932861328
2017-07-18,94.4020004272461
2017-07-19,94.58799743652344
2017-07-20,94.11699676513672
2017-07-21,93.67900085449219
2017-07-24,93.7979965209961
2017-07-25,93.88800048828125
2017-07-26,93.50499725341797
2017-07-27,93.71499633789062
2017-07-28,93.11399841308594
2017-07-31,92.71800231933594
2017-08-01,92.9010009765625
2017-08-02,92.6989974975586
2017-08-03,92.70700073242188
2017-08-04,93.41600036621094
2017-08-07,93.30899810791016
2017-08-08,93.51499938964844
2017-08-09,93.43000030517578
2017-08-10,93.30400085449219
2017-08-11,92.95600128173828
2017-08-14,93.30500030517578
2017-08-15,93.75599670410156
2017-08-16,93.43800354003906
2017-08-17,93.53399658203125
2017-08-18,93.35900115966797
2017-08-21,93.01200103759766
2017-08-22,93.46099853515625
2017-08-23,93.06999969482422
2017-08-24,93.2020034790039
2017-08-25,92.677001953125
2017-08-28,92.13999938964844
2017-08-29,92.18399810791016
2017-08-30,92.822998046875
2017-08-31,92.62799835205078
2017-09-01,92.76899719238281
2017-09-04,92.76899719238281
2017-09-05,92.22599792480469
2017-09-06,92.25199890136719
2017-09-07,91.64199829101562
2017-09-08,91.32599639892578
2017-09-11,91.85299682617188
2017-09-12,91.85600280761719
2017-09-13,92.50800323486328
2017-09-14,92.11199951171875
2017-09-15,91.86299896240234
2017-09-18,91.85299682617188
2017-09-19,91.56099700927734
2017-09-20,92.2959976196289
2017-09-21,92.04900360107422
2017-09-22,91.96700286865234
2017-09-25,92.44100189208984
2017-09-26,92.78099822998047
2017-09-27,93.1709976196289
2017-09-28,92.93199920654297
2017-09-29,92.88300323486328
2017-10-02,93.40499877929688
2017-10-03,93.41400146484375
2017-10-04,93.28399658203125
2017-10-05,93.8030014038086
2017-10-06,93.64099884033203
2017-10-09,93.50499725341797
2017-10-10,93.10099792480469
2017-10-11,92.82499694824219
2017-10-12,92.89800262451172
2017-10-13,92.93499755859375
2017-10-16,93.16100311279297
2017-10-17,93.3499984741211
2017-10-18,93.22799682617188
2017-10-19,93.12000274658203
2017-10-20,93.5790023803711
2017-10-23,93.81400299072266
2017-10-24,93.66100311279297
2017-10-25,93.5770034790039
2017-10-26,94.50900268554688
2017-10-27,94.8219985961914
2017-10-30,94.4540023803711
2017-10-31,94.42900085449219
2017-11-01,94.70899963378906
2017-11-02,94.58799743652344
2017-11-03,94.85800170898438
2017-11-06,94.65699768066406
2017-11-07,94.80000305175781
2017-11-08,94.76799774169922
2017-11-09,94.35199737548828
2017-11-10,94.27799987792969
2017-11-13,94.38800048828125
2017-11-14,93.7229995727539
2017-11-15,93.72599792480469
2017-11-16,93.85399627685547
2017-11-17,93.57499694824219
2017-11-20,93.99700164794922
2017-11-21,93.87699890136719
2017-11-22,93.13500213623047
2017-11-23,93.13500213623047
2017-11-24,92.70700073242188
2017-11-27,92.82499694824219
2017-11-28,93.21299743652344
2017-11-29,93.10700225830078
2017-11-30,93.00199890136719
2017-12-01,92.84100341796875
2017-12-04,93.14399719238281
2017-12-05,93.33399963378906
2017-12-06,93.58200073242188
2017-12-07,93.76899719238281
2017-12-08,93.8740005493164
2017-12-11,93.84300231933594
2017-12-12,94.08000183105469
2017-12-13,93.41899871826172
2017-12-14,93.47899627685547
2017-12-15,93.92900085449219
2017-12-18,93.5199966430664
2017-12-19,93.0270004272461
2017-12-20,92.89099884033203
2017-12-21,92.86199951171875
2017-12-22,92.92400360107422
2017-12-25,92.92400360107422
2017-12-26,92.8010025024414
2017-12-27,92.61199951171875
2017-12-28,92.30000305175781
2017-12-29,91.82599639892578
2018-01-01,91.82599639892578
2018-01-02,91.572998046875
2018-01-03,91.89600372314453
2018-01-04,91.58100128173828
2018-01-05,91.6729965209961
2018-01-08,92.0999984741211
2018-01-09,92.26000213623047
2018-01-10,92.06999969482422
2018-01-11,91.60800170898438
2018-01-12,90.73500061035156
2018-01-15,90.73500061035156
2018-01-16,90.14600372314453
2018-01-17,90.31300354003906
2018-01-18,90.2969970703125
2018-01-19,90.37000274658203
2018-01-22,90.19100189208984
2018-01-23,89.91500091552734
2018-01-24,89.01100158691406
2018-01-25,89.22699737548828
2018-01-26,88.89099884033203
2018-01-29,89.13099670410156
2018-01-30,88.9990005493164
2018-01-31,88.9540023803711
2018-02-01,88.50499725341797
2018-02-02,89.03600311279297
2018-02-05,89.40499877929688
2018-02-06,89.45099639892578
2018-02-07,90.11799621582031
2018-02-08,90.11599731445312
2018-02-09,90.33399963378906
2018-02-12,90.09600067138672
2018-02-13,89.59200286865234
2018-02-14,89.00499725341797
2018-02-15,88.50499725341797
2018-02-16,89.01300048828125
2018-02-19,89.01300048828125
2018-02-20,89.63600158691406
2018-02-21,89.91300201416016
2018-02-22,89.65599822998047
2018-02-23,89.80799865722656
2018-02-26,89.79000091552734
2018-02-27,90.27999877929688
2018-02-28,90.5510025024414
2018-03-01,90.28099822998047
2018-03-02,89.90599822998047
2018-03-05,90.04100036621094
2018-03-06,89.58999633789062
2018-03-07,89.60700225830078
2018-03-08,90.15599822998047
2018-03-09,90.06500244140625
2018-03-12,89.86699676513672
2018-03-13,89.64299774169922
2018-03-14,89.68699645996094
2018-03-15,90.1259994506836
2018-03-16,90.21199798583984
2018-03-19,89.98300170898438
2018-03-20,89.9540023803711
2018-03-21,89.36900329589844
2018-03-22,89.4729995727539
2018-03-23,89.03299713134766
2018-03-26,88.60399627685547
2018-03-27,88.98300170898438
2018-03-28,89.71900177001953
2018-03-29,89.81199645996094
2018-03-30,89.81199645996094
2018-04-02,89.70600128173828
2018-04-03,89.85900115966797
2018-04-04,89.78299713134766
2018-04-05,90.15399932861328
2018-04-06,89.78199768066406
2018-04-09,89.53399658203125
2018-04-10,89.27999877929688
2018-04-11,89.25299835205078
2018-04-12,89.45600128173828
2018-04-13,89.50299835205078
2018-04-16,89.13500213623047
2018-04-17,89.22799682617188
2018-04-18,89.34700012207031
2018-04-19,89.69499969482422
2018-04-20,90.07499694824219
2018-04-23,90.70500183105469
2018-04-24,90.53700256347656
2018-04-25,90.9530029296875
2018-04-26,91.36499786376953
2018-04-27,91.34300231933594
2018-04-30,91.62999725341797
2018-05-01,92.25499725341797
2018-05-02,92.33899688720703
2018-05-03,92.2509994506836
2018-05-04,92.40799713134766
2018-05-07,92.59200286865234
2018-05-08,92.95800018310547
2018-05-09,92.88400268554688
2018-05-10,92.51599884033203
2018-05-11,92.41100311279297
2018-05-14,92.46199798583984
2018-05-15,93.09300231933594
2018-05-16,93.28099822998047
2018-05-17,93.375
2018-05-18,93.54399871826172
2018-05-21,93.58100128173828
2018-05-22,93.5260009765625
2018-05-23,93.91799926757812
2018-05-24,93.70099639892578
2018-05-25,94.12999725341797
2018-05-28,94.12999725341797
2018-05-29,94.78900146484375
2018-05-30,94.11499786376953
2018-05-31,93.95899963378906
2018-06-01,94.16899871826172
2018-06-04,93.98600006103516
2018-06-05,93.87100219726562
2018-06-06,93.63400268554688
2018-06-07,93.3759994506836
2018-06-08,93.53700256347656
2018-06-11,93.55999755859375
2018-06-12,93.8010025024414
2018-06-13,93.6989974975586
2018-06-14,94.7760009765625
2018-06-15,94.78199768066406
2018-06-18,94.85800170898438
2018-06-19,94.72899627685547
2018-06-20,94.71600341796875
2018-06-21,94.40399932861328
2018-06-22,94.18000030517578
2018-06-25,93.93900299072266
2018-06-26,94.34600067138672
2018-06-27,94.96900177001953
2018-06-28,95.09600067138672
2018-06-29,94.3489990234375
2018-07-02,94.77899932861328
2018-07-03,94.41200256347656
2018-07-04,94.41200256347656
2018-07-05,94.2229995727539
2018-07-06,93.76899719238281
2018-07-09,93.80699920654297
2018-07-10,93.88899993896484
2018-07-11,94.48600006103516
2018-07-12,94.56400299072266
2018-07-13,94.5
2018-07-16,94.27200317382812
2018-07-17,94.7040023803711
2018-07-18,94.81099700927734
2018-07-19,94.94200134277344
2018-07-20,94.22599792480469
2018-07-23,94.44000244140625
2018-07-24,94.38800048828125
2018-07-25,94.12899780273438
2018-07-26,94.54399871826172
2018-07-27,94.45999908447266
2018-07-30,94.11100006103516
2018-07-31,94.2750015258789
2018-08-01,94.4280014038086
2018-08-02,94.98699951171875
2018-08-03,94.96099853515625
2018-08-06,95.18699645996094
2018-08-07,95.0459976196289
2018-08-08,94.88999938964844
2018-08-09,95.3550033569336
2018-08-10,96.21800231933594
2018-08-13,96.2509994506836
2018-08-14,96.6050033569336
2018-08-15,96.5770034790039
2018-08-16,96.53600311279297
2018-08-17,95.98100280761719
2018-08-20,95.78900146484375
2018-08-21,95.1500015258789
2018-08-22,95.0510025024414
2018-08-23,95.58300018310547
2018-08-24,95.06300354003906
2018-08-27,94.68399810791016
2018-08-28,94.63500213623047
2018-08-29,94.52200317382812
2018-08-30,94.67900085449219
2018-08-31,95.08300018310547
2018-09-03,95.08300018310547
2018-09-04,95.37999725341797
2018-09-05,95.1240005493164
2018-09-06,94.98799896240234
2018-09-07,95.3290023803711
2018-09-10,95.11000061035156
2018-09-11,95.2249984741211
2018-09-12,94.76799774169922
2018-09-13,94.51699829101562
2018-09-14,94.92500305175781
2018-09-17,94.48600006103516
2018-09-18,94.22699737548828
2018-09-19,94.11900329589844
2018-09-20,93.49099731445312
2018-09-21,93.7979965209961
2018-09-24,93.7750015258789
2018-09-25,93.71099853515625
2018-09-26,93.77300262451172
2018-09-27,94.52400207519531
2018-09-28,94.73699951171875
2018-10-01,94.92900085449219
2018-10-02,95.13999938964844
2018-10-03,95.40599822998047
2018-10-04,95.41200256347656
2018-10-05,95.30500030517578
2018-10-08,95.43599700927734
2018-10-09,95.34600067138672
2018-10-10,95.177001953125
2018-10-11,94.70600128173828
2018-10-12,94.91100311279297
2018-10-15,94.75399780273438
2018-10-16,94.74800109863281
2018-10-17,95.2969970703125
2018-10-18,95.63800048828125
2018-10-19,95.44300079345703
2018-10-22,95.7490005493164
2018-10-23,95.71299743652344
2018-10-24,96.18199920654297
2018-10-25,96.45500183105469
2018-10-26,96.12799835205078
2018-10-29,96.3499984741211
2018-10-30,96.79100036621094
2018-10-31,96.9010009765625
2018-11-01,96.08100128173828
2018-11-02,96.34300231933594
2018-11-05,96.08300018310547
2018-11-06,96.11699676513672
2018-11-07,95.80699920654297
2018-11-08,96.55000305175781
2018-11-09,96.73400115966797
2018-11-12,97.38200378417969
2018-11-13,97.14399719238281
2018-11-14,96.65899658203125
2018-11-15,96.79100036621094
2018-11-16,96.33300018310547
2018-11-19,96.06600189208984
2018-11-20,96.71600341796875
2018-11-21,96.58499908447266
2018-11-22,96.58499908447266
2018-11-23,96.82499694824219
2018-11-26,96.97899627685547
2018-11-27,97.27999877929688
2018-11-28,96.68099975585938
2018-11-29,96.6989974975586
2018-11-30,97.19599914550781
2018-12-03,96.96900177001953
2018-12-04,96.9020004272461
2018-12-05,96.9020004272461
2018-12-06,96.76399993896484
2018-12-07,96.47599792480469
2018-12-10,97.18299865722656
2018-12-11,97.35800170898438
2018-12-12,97.01799774169922
2018-12-13,97.05599975585938
2018-12-14,97.43000030517578
2018-12-17,97.17500305175781
2018-12-18,96.56999969482422
2018-12-19,96.48400115966797
2018-12-20,95.72799682617188
2018-12-21,96.45500183105469
2018-12-24,96.00700378417969
2018-12-25,96.00700378417969
2018-12-26,96.56800079345703
2018-12-27,96.0009994506836
2018-12-28,95.96499633789062
2018-12-31,95.73500061035156
2019-01-01,95.73500061035156
2019-01-02,96.4229965209961
2019-01-03,95.87799835205078
2019-01-04,95.75
2019-01-07,95.22799682617188
2019-01-08,95.47899627685547
2019-01-09,94.79000091552734
2019-01-10,95.12000274658203
2019-01-11,95.26599884033203
2019-01-14,95.20700073242188
2019-01-15,95.67500305175781
2019-01-16,95.677001953125
2019-01-17,95.71299743652344
2019-01-18,95.99299621582031
2019-01-21,95.99299621582031
2019-01-22,95.95899963378906
2019-01-23,95.77200317382812
2019-01-24,96.2969970703125
2019-01-25,95.46499633789062
2019-01-28,95.42400360107422
2019-01-29,95.51599884033203
2019-01-30,95.03099822998047
2019-01-31,95.30400085449219
2019-02-01,95.30000305175781
2019-02-04,95.56999969482422
2019-02-05,95.81700134277344
2019-02-06,96.1520004272461
2019-02-07,96.28900146484375
2019-02-08,96.41600036621094
2019-02-11,96.85700225830078
2019-02-12,96.50299835205078
2019-02-13,96.93800354003906
2019-02-14,96.80500030517578
2019-02-15,96.73999786376953
2019-02-18,96.73999786376953
2019-02-19,96.3489990234375
2019-02-20,96.29399871826172
2019-02-21,96.46299743652344
2019-02-22,96.36699676513672
2019-02-25,96.27100372314453
2019-02-26,95.86499786376953
2019-02-27,96.03800201416016
2019-02-28,96.04299926757812
2019-03-01,96.44999694824219
2019-03-04,96.61000061035156
2019-03-05,96.79499816894531
2019-03-06,96.79900360107422
2019-03-07,97.62799835205078
2019-03-08,97.26899719238281
2019-03-11,97.17400360107422
2019-03-12,96.89900207519531
2019-03-13,96.51200103759766
2019-03-14,96.76899719238281
2019-03-15,96.58999633789062
2019-03-18,96.51599884033203
2019-03-19,95.83100128173828
2019-03-20,95.20099639892578
2019-03-21,95.98699951171875
2019-03-22,96.1510009765625
2019-03-25,96.06800079345703
2019-03-26,96.2249984741211
2019-03-27,96.28299713134766
2019-03-28,96.76399993896484
2019-03-29,96.84500122070312
2019-04-01,96.79900360107422
2019-04-02,96.9229965209961
2019-04-03,96.66200256347656
2019-04-04,96.92500305175781
2019-04-05,97.00199890136719
2019-04-08,96.6500015258789
2019-04-09,96.61100006103516
2019-04-10,96.55799865722656
2019-04-11,96.80899810791016
2019-04-12,96.5979995727539
2019-04-15,96.55599975585938
2019-04-16,96.6520004272461
2019-04-17,96.65799713134766
2019-04-18,97.1510009765625
2019-04-19,97.1510009765625
2019-04-22,96.95500183105469
2019-04-23,97.31999969482422
2019-04-24,97.8550033569336
2019-04-25,97.91899871826172
2019-04-26,97.72599792480469
2019-04-29,97.58100128173828
2019-04-30,97.20099639892578
2019-05-01,97.41000366210938
2019-05-02,97.58599853515625
2019-05-03,97.26000213623047
2019-05-06,97.26799774169922
2019-05-07,97.39900207519531
2019-05-08,97.38800048828125
2019-05-09,97.16400146484375
2019-05-10,97.125
2019-05-13,97.12000274658203
2019-05-14,97.3219985961914
2019-05-15,97.3759994506836
2019-05-16,97.6780014038086
2019-05-17,97.8239974975586
2019-05-20,97.76399993896484
2019-05-21,97.89600372314453
2019-05-22,97.88099670410156
2019-05-23,97.7229995727539
2019-05-24,97.47699737548828
2019-05-27,97.47699737548828
2019-05-28,97.84200286865234
2019-05-29,98.03500366210938
2019-05-30,98.0530014038086
2019-05-31,97.66600036621094
2019-06-03,97.05999755859375
2019-06-04,96.9990005493164
2019-06-05,97.2509994506836
2019-06-06,96.99700164794922
2019-06-07,96.48999786376953
2019-06-10,96.71099853515625
2019-06-11,96.6449966430664
2019-06-12,96.97000122070312
2019-06-13,96.9990005493164
2019-06-14,97.56999969482422
2019-06-17,97.39600372314453
2019-06-18,97.15299987792969
2019-06-19,96.58200073242188
2019-06-20,96.13800048828125
2019-06-21,95.71800231933594
2019-06-24,95.48699951171875
2019-06-25,95.64800262451172
2019-06-26,95.72799682617188
2019-06-27,95.74199676513672
2019-06-28,95.66600036621094
2019-07-01,96.40899658203125
2019-07-02,96.27400207519531
2019-07-03,96.33100128173828
2019-07-04,96.33100128173828
2019-07-05,96.88999938964844
2019-07-08,96.98400115966797
2019-07-09,97.09500122070312
2019-07-10,96.7030029296875
2019-07-11,96.66600036621094
2019-07-12,96.42400360107422
2019-07-15,96.54499816894531
2019-07-16,97.04100036621094
2019-07-17,96.85299682617188
2019-07-18,96.4489974975586
2019-07-19,96.81700134277344
2019-07-22,96.94000244140625
2019-07-23,97.41799926757812
2019-07-24,97.4520034790039
2019-07-25,97.552001953125
2019-07-26,97.7509994506836
2019-07-29,97.7959976196289
2019-07-30,97.80899810791016
2019-07-31,98.25800323486328
2019-08-01,98.14399719238281
2019-08-02,97.85199737548828
2019-08-05,97.30799865722656
2019-08-06,97.41699981689453
2019-08-07,97.34500122070312
2019-08-08,97.43399810791016
2019-08-09,97.3219985961914
2019-08-12,97.197998046875
2019-08-13,97.63099670410156
2019-08-14,97.82599639892578
2019-08-15,98.00499725341797
2019-08-16,98.00700378417969
2019-08-19,98.22100067138672
2019-08-20,98.06300354003906
2019-08-21,98.17900085449219
2019-08-22,98.06400299072266
2019-08-23,97.52999877929688
2019-08-26,97.98899841308594
2019-08-27,97.90699768066406
2019-08-28,98.12000274658203
2019-08-29,98.45500183105469
2019-08-30,98.86000061035156
2019-09-02,98.86000061035156
2019-09-03,98.9489974975586
2019-09-04,98.39299774169922
2019-09-05,98.38200378417969
2019-09-06,98.36199951171875
2019-09-09,98.24800109863281
2019-09-10,98.30699920654297
2019-09-11,98.62799835205078
2019-09-12,98.30799865722656
2019-09-13,98.25499725341797
2019-09-16,98.62699890136719
2019-09-17,97.81900024414062
2019-09-18,98.13400268554688
2019-09-19,97.84700012207031
2019-09-20,98.13600158691406
2019-09-23,98.22100067138672
2019-09-24,97.927001953125
2019-09-25,98.65899658203125
2019-09-26,98.76499938964844
2019-09-27,98.76100158691406
2019-09-30,99.02100372314453
2019-10-01,98.7770004272461
2019-10-02,98.68900299072266
2019-10-03,98.54000091552734
2019-10-04,98.48799896240234
2019-10-07,98.66500091552734
2019-10-08,98.8219985961914
2019-10-09,98.81500244140625
2019-10-10,98.40599822998047
2019-10-11,98.00499725341797
2019-10-14,98.16999816894531
2019-10-15,98.00299835205078
2019-10-16,97.7229995727539
2019-10-17,97.33499908447266
2019-10-18,97.00800323486328
2019-10-21,97.05000305175781
2019-10-22,97.25599670410156
2019-10-23,97.23600006103516
2019-10-24,97.40499877929688
2019-10-25,97.5989990234375
2019-10-28,97.52400207519531
2019-10-29,97.46900177001953
2019-10-30,97.43900299072266
2019-10-31,97.15399932861328
2019-11-01,97.04100036621094
2019-11-04,97.36599731445312
2019-11-05,97.80500030517578
2019-11-06,97.76399993896484
2019-11-07,97.98899841308594
2019-11-08,98.20099639892578
2019-11-11,98.03299713134766
2019-11-12,98.1510009765625
2019-11-13,98.2300033569336
2019-11-14,98.01899719238281
2019-11-15,97.87100219726562
2019-11-18,97.66300201416016
2019-11-19,97.74199676513672
2019-11-20,97.81400299072266
2019-11-21,97.89900207519531
2019-11-22,98.1760025024414
2019-11-25,98.23799896240234
2019-11-26,98.16999816894531
2019-11-27,98.28800201416016
2019-11-28,98.28800201416016
2019-11-29,98.2020034790039
2019-12-02,97.79100036621094
2019-12-03,97.68099975585938
2019-12-04,97.60199737548828
2019-12-05,97.37100219726562
2019-12-06,97.66100311279297
2019-12-09,97.60900115966797
2019-12-10,97.38500213623047
2019-12-11,97.05599975585938
2019-12-12,97.38400268554688
2019-12-13,97.1709976196289
2019-12-16,96.96499633789062
2019-12-17,96.7770004272461
2019-12-18,96.96299743652344
2019-12-19,96.95500183105469
2019-12-20,97.27400207519531
2019-12-23,97.23500061035156
2019-12-24,97.2509994506836
2019-12-25,97.2509994506836
2019-12-26,97.11499786376953
2019-12-27,96.5459976196289
2019-12-30,96.40699768066406
2019-12-31,96.05799865722656
2020-01-01,96.05799865722656
2020-01-02,96.5250015258789
2020-01-03,96.52100372314453
2020-01-06,96.3499984741211
2020-01-07,96.7020034790039
2020-01-08,96.99600219726562
2020-01-09,97.16200256347656
2020-01-10,97.0780029296875
2020-01-13,97.05999755859375
2020-01-14,97.09400177001953
2020-01-15,96.95999908447266
2020-01-16,97.06199645996094
2020-01-17,97.35900115966797
2020-01-20,97.35900115966797
2020-01-21,97.29399871826172
2020-01-22,97.29499816894531
2020-01-23,97.48400115966797
2020-01-24,97.6500015258789
2020-01-27,97.76699829101562
2020-01-28,97.83499908447266
2020-01-29,97.81900024414062
2020-01-30,97.70600128173828
2020-01-31,97.21299743652344
2020-02-03,97.625
2020-02-04,97.80899810791016
2020-02-05,98.15799713134766
2020-02-06,98.38099670410156
2020-02-07,98.57099914550781
2020-02-10,98.71399688720703
2020-02-11,98.59400177001953
2020-02-12,98.9219970703125
2020-02-13,98.95800018310547
2020-02-14,99.00299835205078
2020-02-17,99.00299835205078
2020-02-18,99.33300018310547
2020-02-19,99.59700012207031
2020-02-20,99.7760009765625
2020-02-21,99.18800354003906
2020-02-24,99.28399658203125
2020-02-25,98.9010009765625
2020-02-26,98.93800354003906
2020-02-27,98.46099853515625
2020-02-28,98.08100128173828
2020-03-02,97.31900024414062
2020-03-03,97.12200164794922
2020-03-04,97.30699920654297
2020-03-05,96.79000091552734
2020-03-06,95.93399810791016
2020-03-09,94.87000274658203
2020-03-10,96.38899993896484
2020-03-11,96.49199676513672
2020-03-12,97.46399688720703
2020-03-13,98.76399993896484
2020-03-16,98.23999786376953
2020-03-17,99.80400085449219
2020-03-18,101.54299926757812
2020-03-19,103.6050033569336
2020-03-20,103.50199890136719
2020-03-23,103.23999786376953
2020-03-24,102.24700164794922
2020-03-25,100.99700164794922
2020-03-26,99.4530029296875
2020-03-27,98.53700256347656
2020-03-30,99.28099822998047
2020-03-31,99.09200286865234
2020-04-01,99.75299835205078
2020-04-02,100.27100372314453
2020-04-03,100.677001953125
2020-04-06,100.75499725341797
2020-04-07,99.91400146484375
2020-04-08,100.16999816894531
2020-04-09,99.50399780273438
2020-04-10,99.50399780273438
2020-04-13,99.33599853515625
2020-04-14,98.88500213623047
2020-04-15,99.48600006103516
2020-04-16,100.0999984741211
2020-04-17,99.83599853515625
2020-04-20,100.05799865722656
2020-04-21,100.3740005493164
2020-04-22,100.52799987792969
2020-04-23,100.53500366210938
2020-04-24,100.43399810791016
2020-04-27,100.09700012207031
2020-04-28,99.93399810791016
2020-04-29,99.64399719238281
2020-04-30,99.02799987792969
2020-05-01,99.0999984741211
2020-05-04,99.56700134277344
2020-05-05,99.76200103759766
2020-05-06,100.13600158691406
2020-05-07,99.90599822998047
2020-05-08,99.76899719238281
2020-05-11,100.2699966430664
2020-05-12,99.95600128173828
2020-05-13,100.29100036621094
2020-05-14,100.50700378417969
2020-05-15,100.43399810791016
2020-05-18,99.68099975585938
2020-05-19,99.36599731445312
2020-05-20,99.13500213623047
2020-05-21,99.40299987792969
2020-05-22,99.88800048828125
2020-05-25,99.88800048828125
2020-05-26,98.90599822998047
2020-05-27,99.05799865722656
2020-05-28,98.37200164794922
2020-05-29,98.34100341796875
2020-06-01,97.81999969482422
2020-06-02,97.65899658203125
2020-06-03,97.25900268554688
2020-06-04,96.65699768066406
2020-06-05,96.9219970703125
2020-06-08,96.60800170898438
2020-06-09,96.32099914550781
2020-06-10,95.94999694824219
2020-06-11,96.73899841308594
2020-06-12,97.30500030517578
2020-06-15,96.97799682617188
2020-06-16,96.93299865722656
2020-06-17,97.14399719238281
2020-06-18,97.4000015258789
2020-06-19,97.5770034790039
2020-06-22,96.98500061035156
2020-06-23,96.60800170898438
2020-06-24,97.12899780273438
2020-06-25,97.38800048828125
2020-06-26,97.40399932861328
2020-06-29,97.5009994506836
2020-06-30,97.3489990234375
2020-07-01,97.15499877929688
2020-07-02,97.3010025024414
2020-07-03,97.3010025024414
2020-07-06,96.68199920654297
2020-07-07,96.83899688720703
2020-07-08,96.36799621582031
2020-07-09,96.6729965209961
2020-07-10,96.61399841308594
2020-07-13,96.40699768066406
2020-07-14,96.20700073242188
2020-07-15,96.03900146484375
2020-07-16,96.31900024414062
2020-07-17,95.88899993896484
2020-07-20,95.77200317382812
2020-07-21,95.05999755859375
2020-07-22,94.93000030517578
2020-07-23,94.64900207519531
2020-07-24,94.37999725341797
2020-07-27,93.61499786376953
2020-07-28,93.64700317382812
2020-07-29,93.43199920654297
2020-07-30,93.00900268554688
2020-07-31,93.32099914550781
2020-08-03,93.50700378417969
2020-08-04,93.37799835205078
2020-08-05,92.8499984741211
2020-08-06,92.76799774169922
2020-08-07,93.41200256347656
2020-08-10,93.56900024414062
2020-08-11,93.5999984741211
2020-08-12,93.40799713134766
2020-08-13,93.31700134277344
2020-08-14,93.08499908447266
2020-08-17,92.84700012207031
2020-08-18,92.25900268554688
2020-08-19,92.87999725341797
2020-08-20,92.77799987792969
2020-08-21,93.23999786376953
2020-08-24,93.28900146484375
2020-08-25,93.01899719238281
2020-08-26,92.99600219726562
2020-08-27,92.99099731445312
2020-08-28,92.37899780273438
2020-08-31,92.13099670410156
2020-09-01,92.33699798583984
2020-09-02,92.83399963378906
2020-09-03,92.73300170898438
2020-09-04,92.71900177001953
2020-09-07,92.71900177001953
2020-09-08,93.44100189208984
2020-09-09,93.25800323486328
2020-09-10,93.33100128173828
2020-09-11,93.31999969482422
2020-09-14,92.91200256347656
2020-09-15,93.08499908447266
2020-09-16,93.23100280761719
2020-09-17,92.96900177001953
2020-09-18,92.9520034790039
2020-09-21,93.68399810791016
2020-09-22,94.01799774169922
2020-09-23,94.44300079345703
2020-09-24,94.39399719238281
2020-09-25,94.68199920654297
2020-09-28,94.302001953125
2020-09-29,93.927001953125
2020-09-30,93.927001953125
2020-10-01,93.76200103759766
2020-10-02,93.90899658203125
2020-10-05,93.54499816894531
2020-10-06,93.74400329589844
2020-10-07,93.6780014038086
2020-10-08,93.64800262451172
2020-10-09,93.06500244140625
2020-10-12,93.10399627685547
2020-10-13,93.53600311279297
2020-10-14,93.36599731445312
2020-10-15,93.86399841308594
2020-10-16,93.67900085449219
2020-10-19,93.42900085449219
2020-10-20,93.0510025024414
2020-10-21,92.5989990234375
2020-10-22,92.96399688720703
2020-10-23,92.76499938964844
2020-10-26,93.04399871826172
2020-10-27,92.927001953125
2020-10-28,93.40899658203125
2020-10-29,93.97699737548828
2020-10-30,94.04199981689453
2020-11-02,94.1449966430664
2020-11-03,93.55999755859375
2020-11-04,93.41100311279297
2020-11-05,92.51599884033203
2020-11-06,92.2249984741211
2020-11-09,92.71499633789062
2020-11-10,92.73600006103516
2020-11-11,93.02400207519531
2020-11-12,92.95600128173828
2020-11-13,92.75
2020-11-16,92.62999725341797
2020-11-17,92.39800262451172
2020-11-18,92.31099700927734
2020-11-19,92.28399658203125
2020-11-20,92.3949966430664
2020-11-23,92.49400329589844
2020-11-24,92.22000122070312
2020-11-25,91.96600341796875
2020-11-26,91.96600341796875
2020-11-27,91.8010025024414
2020-11-30,91.85800170898438
2020-12-01,91.2969970703125
2020-12-02,91.11499786376953
2020-12-03,90.71800231933594
2020-12-04,90.69400024414062
2020-12-07,90.78900146484375
2020-12-08,90.96800231933594
2020-12-09,91.08300018310547
2020-12-10,90.81999969482422
2020-12-11,90.97000122070312
2020-12-14,90.73100280761719
2020-12-15,90.40899658203125
2020-12-16,90.35900115966797
2020-12-17,89.74099731445312
2020-12-18,89.9530029296875
2020-12-21,89.9489974975586
2020-12-22,90.5459976196289
2020-12-23,90.33999633789062
2020-12-24,90.25
2020-12-25,90.25
2020-12-28,90.2750015258789
2020-12-29,89.91799926757812
2020-12-30,89.64900207519531
2020-12-31,89.89399719238281
2021-01-01,89.89399719238281
2021-01-04,89.84500122070312
2021-01-05,89.40899658203125
2021-01-06,89.50199890136719
2021-01-07,89.79100036621094
2021-01-08,90.06800079345703
2021-01-11,90.44200134277344
2021-01-12,90.06400299072266
2021-01-13,90.33399963378906
2021-01-14,90.21499633789062
2021-01-15,90.75399780273438
2021-01-18,90.75399780273438
2021-01-19,90.47599792480469
2021-01-20,90.46900177001953
2021-01-21,90.12699890136719
2021-01-22,90.21199798583984
2021-01-25,90.37300109863281
2021-01-26,90.14800262451172
2021-01-27,90.63999938964844
2021-01-28,90.427001953125
2021-01-29,90.56900024414062
2021-02-01,90.9749984741211
2021-02-02,91.18900299072266
2021-02-03,91.14800262451172
2021-02-04,91.5199966430664
2021-02-05,91.03199768066406
2021-02-08,90.91899871826172
2021-02-09,90.42900085449219
2021-02-10,90.36299896240234
2021-02-11,90.41300201416016
2021-02-12,90.47000122070312
2021-02-15,90.47000122070312
2021-02-16,90.50299835205078
2021-02-17,90.9489974975586
2021-02-18,90.5999984741211
2021-02-19,90.36299896240234
2021-02-22,89.9990005493164
2021-02-23,90.16699981689453
2021-02-24,90.16999816894531
2021-02-25,90.13500213623047
2021-02-26,90.88200378417969
2021-03-01,91.03600311279297
2021-03-02,90.79000091552734
2021-03-03,90.94200134277344
2021-03-04,91.64399719238281
2021-03-05,91.98999786376953
2021-03-08,92.33399963378906
2021-03-09,91.96399688720703
2021-03-10,91.8280029296875
2021-03-11,91.41799926757812
2021-03-12,91.6780014038086
2021-03-15,91.85199737548828
2021-03-16,91.87999725341797
2021-03-17,91.43499755859375
2021-03-18,91.87000274658203
2021-03-19,91.92500305175781
2021-03-22,91.74099731445312
2021-03-23,92.34700012207031
2021-03-24,92.52999877929688
2021-03-25,92.82599639892578
2021-03-26,92.7750015258789
2021-03-29,92.95600128173828
2021-03-30,93.32099914550781
2021-03-31,93.23600006103516
2021-04-01,92.9469985961914
2021-04-02,92.9469985961914
2021-04-05,93.0510025024414
2021-04-06,92.3479995727539
2021-04-07,92.47200012207031
2021-04-08,92.06900024414062
2021-04-09,92.16000366210938
2021-04-12,92.14399719238281
2021-04-13,91.84400177001953
2021-04-14,91.67400360107422
2021-04-15,91.61799621582031
2021-04-16,91.54399871826172
2021-04-19,91.05000305175781
2021-04-20,91.22699737548828
2021-04-21,91.12899780273438
2021-04-22,91.32099914550781
2021-04-23,90.83899688720703
2021-04-26,90.77999877929688
2021-04-27,90.89199829101562
2021-04-28,90.59300231933594
2021-04-29,90.59300231933594
2021-04-30,91.2699966430664
2021-05-03,90.927001953125
2021-05-04,91.2750015258789
2021-05-05,91.29299926757812
2021-05-06,90.93599700927734
2021-05-07,90.21600341796875
2021-05-10,90.18499755859375
2021-05-11,90.1240005493164
2021-05-12,90.68599700927734
2021-05-13,90.73500061035156
2021-05-14,90.31800079345703
2021-05-17,90.14199829101562
2021-05-18,89.73400115966797
2021-05-19,90.19100189208984
2021-05-20,89.79499816894531
2021-05-21,90.00499725341797
2021-05-24,89.83799743652344
2021-05-25,89.62799835205078
2021-05-26,90.02999877929688
2021-05-27,89.95899963378906
2021-05-28,89.99299621582031
2021-05-31,89.99299621582031
2021-06-01,89.81900024414062
2021-06-02,89.9010009765625
2021-06-03,90.5009994506836
2021-06-04,90.13300323486328
2021-06-07,89.94599914550781
2021-06-08,90.07599639892578
2021-06-09,90.12100219726562
2021-06-10,90.0780029296875
2021-06-11,90.55000305175781
2021-06-14,90.4749984741211
2021-06-15,90.50199890136719
2021-06-16,91.20800018310547
2021-06-17,91.87300109863281
2021-06-18,92.20899963378906
2021-06-21,91.88099670410156
2021-06-22,91.7509994506836
2021-06-23,91.78500366210938
2021-06-24,91.79499816894531
2021-06-25,91.84400177001953
2021-06-28,91.8759994506836
2021-06-29,92.04100036621094
2021-06-30,92.43099975585938
2021-07-01,92.59400177001953
2021-07-02,92.41300201416016
2021-07-05,92.41300201416016
2021-07-06,92.54299926757812
2021-07-07,92.6449966430664
2021-07-08,92.40599822998047
2021-07-09,92.11599731445312
2021-07-12,92.25599670410156
2021-07-13,92.75900268554688
2021-07-14,92.40499877929688
2021-07-15,92.63099670410156
2021-07-16,92.68699645996094
2021-07-19,92.9000015258789
2021-07-20,92.97899627685547
2021-07-21,92.75900268554688
2021-07-22,92.83000183105469
2021-07-23,92.9280014038086
2021-07-26,92.6510009765625
2021-07-27,92.43599700927734
2021-07-28,92.31700134277344
2021-07-29,91.87100219726562
2021-07-30,92.18800354003906
2021-08-02,92.06500244140625
2021-08-03,92.08799743652344
2021-08-04,92.27400207519531
2021-08-05,92.25199890136719
2021-08-06,92.80000305175781
2021-08-09,92.93800354003906
2021-08-10,93.05500030517578
2021-08-11,92.91799926757812
2021-08-12,93.03800201416016
2021-08-13,92.51200103759766
2021-08-16,92.61900329589844
2021-08-17,93.1449966430664
2021-08-18,93.14399719238281
2021-08-19,93.58799743652344
2021-08-20,93.50800323486328
2021-08-23,92.97100067138672
2021-08-24,92.9010009765625
2021-08-25,92.83200073242188
2021-08-26,93.0780029296875
2021-08-27,92.69400024414062
2021-08-30,92.6520004272461
2021-08-31,92.63500213623047
2021-09-01,92.4489974975586
2021-09-02,92.22799682617188
2021-09-03,92.03299713134766
2021-09-06,92.03299713134766
2021-09-07,92.51399993896484
2021-09-08,92.6500015258789
2021-09-09,92.4800033569336
2021-09-10,92.58999633789062
2021-09-13,92.6520004272461
2021-09-14,92.61399841308594
2021-09-15,92.53399658203125
2021-09-16,92.91899871826172
2021-09-17,93.1760025024414
2021-09-20,93.25599670410156
2021-09-21,93.19999694824219
2021-09-22,93.45999908447266
2021-09-23,93.02999877929688
2021-09-24,93.33499908447266
2021-09-27,93.38099670410156
2021-09-28,93.77999877929688
2021-09-29,94.35299682617188
2021-09-30,94.23999786376953
2021-10-01,94.0469970703125
2021-10-04,93.77999877929688
2021-10-05,93.96700286865234
2021-10-06,94.27200317382812
2021-10-07,94.22100067138672
2021-10-08,94.0790023803711
2021-10-11,94.32599639892578
2021-10-12,94.51899719238281
2021-10-13,94.08000183105469
2021-10-14,93.96099853515625
2021-10-15,93.93800354003906
2021-10-18,93.94499969482422
2021-10-19,93.72799682617188
2021-10-20,93.53500366210938
2021-10-21,93.75800323486328
2021-10-22,93.625
2021-10-25,93.80899810791016
2021-10-26,93.94100189208984
2021-10-27,93.7979965209961
2021-10-28,93.32599639892578
2021-10-29,94.12100219726562
2021-11-01,93.87899780273438
2021-11-02,94.0790023803711
2021-11-03,93.85299682617188
2021-11-04,94.34100341796875
2021-11-05,94.31700134277344
2021-11-08,94.04199981689453
2021-11-09,93.95600128173828
2021-11-10,94.83799743652344
2021-11-11,95.17500305175781
2021-11-12,95.12799835205078
2021-11-15,95.40499877929688
2021-11-16,95.91100311279297
2021-11-17,95.8290023803711
2021-11-18,95.54199981689453
2021-11-19,96.02799987792969
2021-11-22,96.54399871826172
2021-11-23,96.49400329589844
2021-11-24,96.87200164794922
2021-11-25,96.87200164794922
2021-11-26,96.10399627685547
2021-11-29,96.33799743652344
2021-11-30,96.00700378417969
2021-12-01,96.02400207519531
2021-12-02,96.15799713134766
2021-12-03,96.11399841308594
2021-12-06,96.33000183105469
2021-12-07,96.37000274658203
2021-12-08,95.88099670410156
2021-12-09,96.25199890136719
2021-12-10,96.0999984741211
2021-12-13,96.34500122070312
2021-12-14,96.53800201416016
2021-12-15,96.48200225830078
2021-12-16,96.01499938964844
2021-12-17,96.5479965209961
2021-12-20,96.54499816894531
2021-12-21,96.48899841308594
2021-12-22,96.05899810791016
2021-12-23,95.98500061035156
2021-12-24,95.98500061035156
2021-12-27,96.08599853515625
2021-12-28,96.2030029296875
2021-12-29,95.9260025024414
2021-12-30,95.96399688720703
2021-12-31,95.59300231933594
2022-01-03,96.21099853515625
2022-01-04,96.27400207519531
2022-01-05,96.18199920654297
2022-01-06,96.32599639892578
2022-01-07,95.72200012207031
2022-01-10,95.98999786376953
2022-01-11,95.625
2022-01-12,94.9010009765625
2022-01-13,94.7750015258789
2022-01-14,95.16100311279297
2022-01-17,95.16100311279297
2022-01-18,95.7229995727539
2022-01-19,95.5
2022-01-20,95.7249984741211
2022-01-21,95.63600158691406
2022-01-24,95.9010009765625
2022-01-25,95.9280014038086
2022-01-26,96.4000015258789
2022-01-27,97.24199676513672
2022-01-28,97.26599884033203
2022-01-31,96.53700256347656
2022-02-01,96.375
2022-02-02,95.93499755859375
2022-02-03,95.37899780273438
2022-02-04,95.4800033569336
2022-02-07,95.39199829101562
2022-02-08,95.64099884033203
2022-02-09,95.49400329589844
2022-02-10,95.5479965209961
2022-02-11,96.072998046875
2022-02-14,96.35600280761719
2022-02-15,95.99299621582031
2022-02-16,95.6969985961914
2022-02-17,95.8030014038086
2022-02-18,96.02200317382812
2022-02-21,96.02200317382812
2022-02-22,96.01100158691406
2022-02-23,96.18800354003906
2022-02-24,97.11799621582031
2022-02-25,96.61900329589844
2022-02-28,96.69400024414062
2022-03-01,97.40599822998047
2022-03-02,97.41400146484375
2022-03-03,97.79100036621094
2022-03-04,98.6709976196289
2022-03-07,99.29499816894531
2022-03-08,99.08000183105469
2022-03-09,97.9530029296875
2022-03-10,98.50399780273438
2022-03-11,99.12999725341797
2022-03-14,98.87899780273438
2022-03-15,99.06400299072266
2022-03-16,98.62100219726562
2022-03-17,97.9749984741211
2022-03-18,98.22699737548828
2022-03-21,98.4990005493164
2022-03-22,98.52300262451172
2022-03-23,98.61499786376953
2022-03-24,98.80000305175781
2022-03-25,98.8219985961914
2022-03-28,99.05500030517578
2022-03-29,98.44100189208984
2022-03-30,97.875
2022-03-31,98.36000061035156
2022-04-01,98.62699890136719
2022-04-04,98.9739990234375
2022-04-05,99.4280014038086
2022-04-06,99.61499786376953
2022-04-07,99.76000213623047
2022-04-08,99.75299835205078
2022-04-11,99.92400360107422
2022-04-12,100.29199981689453
2022-04-13,99.91300201416016
2022-04-14,100.32599639892578
2022-04-15,100.32599639892578
2022-04-18,100.76599884033203
2022-04-19,100.96399688720703
2022-04-20,100.41699981689453
2022-04-21,100.61399841308594
2022-04-22,101.21299743652344
2022-04-25,101.76899719238281
2022-04-26,102.31800079345703
2022-04-27,102.96299743652344
2022-04-28,103.65899658203125
2022-04-29,102.96299743652344
2022-05-02,103.76599884033203
2022-05-03,103.49600219726562
2022-05-04,102.59400177001953
2022-05-05,103.802001953125
2022-05-06,103.69400024414062
2022-05-09,103.68900299072266
2022-05-10,103.94300079345703
2022-05-11,103.8740005493164
2022-05-12,104.89700317382812
2022-05-13,104.62100219726562
2022-05-16,104.19999694824219
2022-05-17,103.40699768066406
2022-05-18,103.86199951171875
2022-05-19,102.7509994506836
2022-05-20,103.1729965209961
2022-05-23,102.09700012207031
2022-05-24,101.87000274658203
2022-05-25,102.0770034790039
2022-05-26,101.85800170898438
2022-05-27,101.697998046875
2022-05-30,101.697998046875
2022-05-31,101.76599884033203
2022-06-01,102.52899932861328
2022-06-02,101.83200073242188
2022-06-03,102.16000366210938
2022-06-06,102.4469985961914
2022-06-07,102.32499694824219
2022-06-08,102.5459976196289
2022-06-09,103.21800231933594
2022-06-10,104.1510009765625
2022-06-13,104.9469985961914
2022-06-14,105.34200286865234
2022-06-15,104.93499755859375
2022-06-16,103.41699981689453
2022-06-17,104.48799896240234
2022-06-20,104.48799896240234
2022-06-21,104.21099853515625
2022-06-22,103.98100280761719
2022-06-23,104.19200134277344
2022-06-24,103.95899963378906
2022-06-27,103.6780014038086
2022-06-28,104.26100158691406
2022-06-29,104.8489990234375
2022-06-30,104.46399688720703
2022-07-01,104.90899658203125
2022-07-04,104.90899658203125
2022-07-05,106.31999969482422
2022-07-06,106.89800262451172
2022-07-07,106.95899963378906
2022-07-08,106.82099914550781
2022-07-11,107.8290023803711
2022-07-12,107.91200256347656
2022-07-13,107.75599670410156
2022-07-14,108.40699768066406
2022-07-15,107.91100311279297
2022-07-18,107.23100280761719
2022-07-19,106.55000305175781
2022-07-20,106.9530029296875
2022-07-21,106.80400085449219
2022-07-22,106.62100219726562
2022-07-25,106.3550033569336
2022-07-26,107.04399871826172
2022-07-27,106.33100128173828
2022-07-28,106.23600006103516
2022-07-29,105.77899932861328
2022-08-01,105.33599853515625
2022-08-02,106.10399627685547
2022-08-03,106.37699890136719
2022-08-04,105.56600189208984
2022-08-05,106.48999786376953
2022-08-08,106.322998046875
2022-08-09,106.25199890136719
2022-08-10,105.08000183105469
2022-08-11,104.99400329589844
2022-08-12,105.51000213623047
2022-08-15,106.43299865722656
2022-08-16,106.38800048828125
2022-08-17,106.48600006103516
2022-08-18,107.41500091552734
2022-08-19,108.0979995727539
2022-08-22,108.98100280761719
2022-08-23,108.55400085449219
2022-08-24,108.61599731445312
2022-08-25,108.43299865722656
2022-08-26,108.7509994506836
2022-08-29,108.79000091552734
2022-08-30,108.7490005493164
2022-08-31,108.66500091552734
2022-09-01,109.6780014038086
2022-09-02,109.51000213623047
2022-09-05,109.51000213623047
2022-09-06,110.2040023803711
2022-09-07,109.83200073242188
2022-09-08,109.71299743652344
2022-09-09,108.99700164794922
2022-09-12,108.31600189208984
2022-09-13,109.80899810791016
2022-09-14,109.63099670410156
2022-09-15,109.71099853515625
2022-09-16,109.73600006103516
2022-09-19,109.98200225830078
2022-09-20,109.94200134277344
2022-09-21,110.34600067138672
2022-09-22,111.1050033569336
2022-09-23,112.96199798583984
2022-09-26,114.0199966430664
2022-09-27,114.0469970703125
2022-09-28,112.50800323486328
2022-09-29,112.2020034790039
2022-09-30,112.08399963378906
2022-10-03,111.65599822998047
2022-10-04,109.98100280761719
2022-10-05,111.01100158691406
2022-10-06,112.18299865722656
2022-10-07,112.68299865722656
2022-10-10,113.07099914550781
2022-10-11,113.12799835205078
2022-10-12,113.2239990234375
2022-10-13,112.25299835205078
2022-10-14,113.2020034790039
2022-10-17,111.90799713134766
2022-10-18,111.99400329589844
2022-10-19,112.87899780273438
2022-10-20,112.81800079345703
2022-10-21,111.9800033569336
2022-10-24,111.90899658203125
2022-10-25,110.83000183105469
2022-10-26,109.552001953125
2022-10-27,110.4530029296875
2022-10-28,110.60600280761719
2022-10-31,111.41999816894531
2022-11-01,111.35900115966797
2022-11-02,111.22599792480469
2022-11-03,112.80400085449219
2022-11-04,110.77400207519531
2022-11-07,109.99299621582031
2022-11-08,109.54199981689453
2022-11-09,110.45999908447266
2022-11-10,108.09200286865234
2022-11-11,106.16400146484375
2022-11-14,106.53099822998047
2022-11-15,106.29499816894531
2022-11-16,106.1520004272461
2022-11-17,106.59200286865234
2022-11-18,106.82599639892578
2022-11-21,107.73200225830078
2022-11-22,107.11499786376953
2022-11-23,105.96700286865234
2022-11-24,105.96700286865234
2022-11-25,105.91699981689453
2022-11-28,106.63200378417969
2022-11-29,106.76799774169922
2022-11-30,105.89700317382812
2022-12-01,104.68900299072266
2022-12-02,104.5
2022-12-05,105.23899841308594
2022-12-06,105.54199981689453
2022-12-07,105.05599975585938
2022-12-08,104.75599670410156
2022-12-09,104.79900360107422
2022-12-12,105.10399627685547
2022-12-13,103.94300079345703
2022-12-14,103.73899841308594
2022-12-15,104.53199768066406
2022-12-16,104.66100311279297
2022-12-19,104.59500122070312
2022-12-20,103.60600280761719
2022-12-21,103.84700012207031
2022-12-22,104.12699890136719
2022-12-23,104.01000213623047
2022-12-26,104.01000213623047
2022-12-27,103.89299774169922
2022-12-28,104.18199920654297
2022-12-29,103.58599853515625
2022-12-30,103.26899719238281
2023-01-02,103.26899719238281
2023-01-03,104.31199645996094
2023-01-04,104.02100372314453
2023-01-05,104.8280029296875
2023-01-06,103.64600372314453
2023-01-09,102.74299621582031
2023-01-10,102.9800033569336
2023-01-11,102.9280014038086
2023-01-12,101.99500274658203
2023-01-13,101.94599914550781
2023-01-16,101.94599914550781
2023-01-17,102.14099884033203
2023-01-18,102.10700225830078
2023-01-19,101.83100128173828
2023-01-20,101.78099822998047
2023-01-23,101.91600036621094
2023-01-24,101.67500305175781
2023-01-25,101.41600036621094
2023-01-26,101.63800048828125
2023-01-27,101.72100067138672
2023-01-30,102.08599853515625
2023-01-31,101.91500091552734
2023-02-01,101.02799987792969
2023-02-02,101.57499694824219
2023-02-03,102.75499725341797
2023-02-06,103.49800109863281
2023-02-07,103.2979965209961
2023-02-08,103.27200317382812
2023-02-09,103.10600280761719
2023-02-10,103.53500366210938
2023-02-13,103.24800109863281
2023-02-14,103.12300109863281
2023-02-15,103.83899688720703
2023-02-16,103.79100036621094
2023-02-17,103.77999877929688
2023-02-20,103.77999877929688
2023-02-21,104.11199951171875
2023-02-22,104.52300262451172
2023-02-23,104.53900146484375
2023-02-24,105.15799713134766
2023-02-27,104.6240005493164
2023-02-28,104.82499694824219
2023-03-01,104.43199920654297
2023-03-02,104.99500274658203
2023-03-03,104.48799896240234
2023-03-06,104.32499694824219
2023-03-07,105.59200286865234
2023-03-08,105.63400268554688
2023-03-09,105.30500030517578
2023-03-10,104.552001953125
2023-03-13,103.71299743652344
2023-03-14,103.21499633789062
2023-03-15,104.2760009765625
2023-03-16,104.09200286865234
2023-03-17,103.36000061035156
2023-03-20,102.93299865722656
2023-03-21,102.89700317382812
2023-03-22,101.97200012207031
2023-03-23,102.20700073242188
2023-03-24,102.76399993896484
2023-03-27,102.51799774169922
2023-03-28,102.10600280761719
2023-03-29,102.2979965209961
2023-03-30,101.82099914550781
2023-03-31,102.18599700927734
2023-04-03,101.78700256347656
2023-04-04,101.26699829101562
2023-04-05,101.54499816894531
2023-04-06,101.51899719238281
2023-04-07,101.51899719238281
2023-04-10,101.7300033569336
2023-04-11,101.88400268554688
2023-04-12,101.1709976196289
2023-04-13,100.69999694824219
2023-04-14,101.24500274658203
2023-04-17,101.7959976196289
2023-04-18,101.447998046875
2023-04-19,101.66799926757812
2023-04-20,101.56600189208984
2023-04-21,101.552001953125
2023-04-24,101.072998046875
2023-04-25,101.59200286865234
2023-04-26,101.20500183105469
2023-04-27,101.25199890136719
2023-04-28,101.40299987792969
2023-05-01,101.91999816894531
2023-05-02,101.7249984741211
2023-05-03,101.11499786376953
2023-05-04,101.18399810791016
2023-05-05,100.9990005493164
2023-05-08,101.15499877929688
2023-05-09,101.39900207519531
2023-05-10,101.26899719238281
2023-05-11,101.87300109863281
2023-05-12,102.50900268554688
2023-05-15,102.27100372314453
2023-05-16,102.40399932861328
2023-05-17,102.72599792480469
2023-05-18,103.45500183105469
2023-05-19,103.0790023803711
2023-05-22,103.0790023803711
2023-05-23,103.38500213623047
2023-05-24,103.79900360107422
2023-05-25,104.17500305175781
2023-05-26,104.13600158691406
2023-05-29,104.13600158691406
2023-05-30,104.0780029296875
2023-05-31,104.24500274658203
2023-06-01,103.50199890136719
2023-06-02,103.9520034790039
2023-06-05,103.93599700927734
2023-06-06,104.0739974975586
2023-06-07,104.05500030517578
2023-06-08,103.31600189208984
2023-06-09,103.53299713134766
2023-06-12,103.63099670410156
2023-06-13,103.31800079345703
2023-06-14,102.91600036621094
2023-06-15,102.10800170898438
2023-06-16,102.25800323486328
2023-06-19,102.25800323486328
2023-06-20,102.125
2023-06-21,101.6760025024414
2023-06-22,101.99400329589844
2023-06-23,102.54199981689453
2023-06-26,102.33399963378906
2023-06-27,102.12699890136719
2023-06-28,102.5479965209961
2023-06-29,103.00800323486328
2023-06-30,102.58699798583984
2023-07-03,102.65399932861328
2023-07-04,102.65399932861328
2023-07-05,103.03500366210938
2023-07-06,102.86699676513672
2023-07-07,101.94999694824219
2023-07-10,101.64199829101562
2023-07-11,101.40299987792969
2023-07-12,100.19300079345703
2023-07-13,99.45600128173828
2023-07-14,99.6050033569336
2023-07-17,99.52899932861328
2023-07-18,99.625
2023-07-19,99.98799896240234
2023-07-20,100.59700012207031
2023-07-21,100.7979965209961
2023-07-24,101.08300018310547
2023-07-25,101.09600067138672
2023-07-26,100.63600158691406
2023-07-27,101.54399871826172
2023-07-28,101.39900207519531
2023-07-31,101.6259994506836
2023-08-01,102.08499908447266
2023-08-02,102.38899993896484
2023-08-03,102.3499984741211
2023-08-04,101.83599853515625
2023-08-07,101.86100006103516
2023-08-08,102.33999633789062
2023-08-09,102.31199645996094
2023-08-10,102.36699676513672
2023-08-11,102.68900299072266
2023-08-14,103.05799865722656
2023-08-15,103.09500122070312
2023-08-16,103.31900024414062
2023-08-17,103.47000122070312
2023-08-18,103.2760009765625
2023-08-21,103.20600128173828
2023-08-22,103.4729995727539
2023-08-23,103.33300018310547
2023-08-24,103.91899871826172
2023-08-25,104.01300048828125
2023-08-28,103.99199676513672
2023-08-29,103.47100067138672
2023-08-30,103.09300231933594
2023-08-31,103.58699798583984
2023-09-01,104.19100189208984
2023-09-04,104.19100189208984
2023-09-05,104.76300048828125
2023-09-06,104.82099914550781
2023-09-07,105.02799987792969
2023-09-08,105.06600189208984
2023-09-11,104.53900146484375
2023-09-12,104.69000244140625
2023-09-13,104.7490005493164
2023-09-14,105.3949966430664
2023-09-15,105.32499694824219
2023-09-18,105.29199981689453
2023-09-19,104.83200073242188
2023-09-20,104.78800201416016
2023-09-21,105.04399871826172
2023-09-22,105.26000213623047
2023-09-25,105.69000244140625
2023-09-26,105.93000030517578
2023-09-27,106.36599731445312
2023-09-28,105.93299865722656
2023-09-29,105.81500244140625
2023-10-02,106.60600280761719
2023-10-03,106.71900177001953
2023-10-04,106.52999877929688
2023-10-05,106.06500244140625
2023-10-06,105.78399658203125
2023-10-09,105.81099700927734
2023-10-10,105.55699920654297
2023-10-11,105.56900024414062
2023-10-12,106.36699676513672
2023-10-13,106.43399810791016
2023-10-16,106.03399658203125
2023-10-17,106.0459976196289
2023-10-18,106.35399627685547
2023-10-19,106.0459976196289
2023-10-20,105.98799896240234
2023-10-23,105.33399963378906
2023-10-24,106.08000183105469
2023-10-25,106.35199737548828
2023-10-26,106.4219970703125
2023-10-27,106.37999725341797
2023-10-30,105.93399810791016
2023-10-31,106.49400329589844
2023-11-01,106.71499633789062
2023-11-02,105.97699737548828
2023-11-03,104.85900115966797
2023-11-06,105.0459976196289
2023-11-07,105.37300109863281
2023-11-08,105.447998046875
2023-11-09,105.77999877929688
2023-11-10,105.7249984741211
2023-11-13,105.50299835205078
2023-11-14,103.90699768066406
2023-11-15,104.26499938964844
2023-11-16,104.23300170898438
2023-11-17,103.79499816894531
2023-11-20,103.31700134277344
2023-11-21,103.4489974975586
2023-11-22,103.82499694824219
2023-11-23,103.82499694824219
2023-11-24,103.30400085449219
2023-11-27,103.1050033569336
2023-11-28,102.64900207519531
2023-11-29,102.6760025024414
2023-11-30,103.4280014038086
2023-12-01,103.19999694824219
2023-12-04,103.64700317382812
2023-12-05,103.99500274658203
2023-12-06,104.10800170898438
2023-12-07,103.50399780273438
2023-12-08,103.98300170898438
2023-12-11,104.06400299072266
2023-12-12,103.83899688720703
2023-12-13,102.8479995727539
2023-12-14,101.94000244140625
2023-12-15,102.5479965209961
2023-12-18,102.53600311279297
2023-12-19,101.7959976196289
2023-12-20,102.04000091552734
2023-12-21,101.47799682617188
2023-12-22,101.33799743652344
2023-12-25,101.33799743652344
2023-12-26,101.10399627685547
2023-12-27,100.65399932861328
2023-12-28,100.91300201416016
2023-12-29,101.02899932861328
2024-01-01,101.02899932861328
2024-01-02,101.89099884033203
2024-01-03,102.19499969482422
2024-01-04,102.13500213623047
2024-01-05,102.12899780273438
2024-01-08,101.9280014038086
2024-01-09,102.28399658203125
2024-01-10,102.08000183105469
2024-01-11,102.02400207519531
2024-01-12,102.1510009765625
2024-01-15,102.1510009765625
2024-01-16,103.11199951171875
2024-01-17,103.20600128173828
2024-01-18,103.31199645996094
2024-01-19,103.06900024414062
2024-01-22,103.11799621582031
2024-01-23,103.4020004272461
2024-01-24,103.03900146484375
2024-01-25,103.37000274658203
2024-01-26,103.23400115966797
2024-01-29,103.4209976196289
2024-01-30,103.21499633789062
2024-01-31,103.08899688720703
2024-02-01,102.87200164794922
2024-02-02,103.78099822998047
2024-02-05,104.31900024414062
2024-02-06,104.06800079345703
2024-02-07,103.91699981689453
2024-02-08,104.03700256347656
2024-02-09,103.99299621582031
2024-02-12,104.0469970703125
2024-02-13,104.8499984741211
2024-02-14,104.61199951171875
2024-02-15,104.19999694824219
2024-02-16,104.18199920654297
2024-02-19,104.18199920654297
2024-02-20,103.97799682617188
2024-02-21,103.91200256347656
2024-02-22,103.875
2024-02-23,103.85900115966797
2024-02-26,103.7509994506836
2024-02-27,103.75900268554688
2024-02-28,103.90399932861328
2024-02-29,104.0979995727539
2024-03-01,103.79900360107422
2024-03-04,103.77799987792969
2024-03-05,103.75299835205078
2024-03-06,103.32099914550781
2024-03-07,102.77200317382812
2024-03-08,102.68800354003906
2024-03-11,102.85199737548828
2024-03-12,102.93399810791016
2024-03-13,102.76599884033203
2024-03-14,103.34200286865234
2024-03-15,103.41400146484375
2024-03-18,103.46099853515625
2024-03-19,103.48400115966797
2024-03-20,103.0459976196289
2024-03-21,103.66600036621094
2024-03-22,104.177001953125
2024-03-25,103.93399810791016
2024-03-26,103.99099731445312
2024-03-27,104.06400299072266
2024-03-28,104.26899719238281
2024-03-29,104.26899719238281
2024-04-01,104.76399993896484
2024-04-02,104.56199645996094
2024-04-03,103.99700164794922
2024-04-04,103.89099884033203
2024-04-05,104.07099914550781
2024-04-08,103.9020004272461
2024-04-09,103.9219970703125
2024-04-10,105.03099822998047
2024-04-11,105.06400299072266
2024-04-12,105.83200073242188
2024-04-15,105.99800109863281
2024-04-16,106.06500244140625
2024-04-17,105.76399993896484
2024-04-18,105.98200225830078
2024-04-19,105.98400115966797
2024-04-22,105.91300201416016
2024-04-23,105.50499725341797
2024-04-24,105.69999694824219
2024-04-25,105.45099639892578
2024-04-26,105.80400085449219
2024-04-29,105.447998046875
2024-04-30,106.0999984741211
2024-05-01,105.62799835205078
2024-05-02,105.1780014038086
2024-05-03,104.91799926757812
2024-05-06,104.91899871826172
2024-05-07,105.30000305175781
2024-05-08,105.4260025024414
2024-05-09,105.10399627685547
2024-05-10,105.17500305175781
2024-05-13,105.10299682617188
2024-05-14,104.89199829101562
2024-05-15,104.21199798583984
2024-05-16,104.34500122070312
2024-05-17,104.33000183105469
2024-05-20,104.45999908447266
2024-05-21,104.55599975585938
2024-05-22,104.83599853515625
2024-05-23,105.03600311279297
2024-05-24,104.63800048828125
2024-05-27,104.63800048828125
2024-05-28,104.53900146484375
2024-05-29,105.03399658203125
2024-05-30,104.65799713134766
2024-05-31,104.62699890136719
2024-06-03,104.0780029296875
2024-06-04,104.0510025024414
2024-06-05,104.22100067138672
2024-06-06,104.05699920654297
2024-06-07,104.8550033569336
2024-06-10,105.11199951171875
2024-06-11,105.1989974975586
2024-06-12,104.61499786376953
2024-06-13,105.18699645996094
2024-06-14,105.54499816894531
2024-06-17,105.56400299072266
2024-06-18,104.8759994506836
2024-06-19,104.8759994506836
2024-06-20,105.22699737548828
2024-06-21,105.44300079345703
2024-06-24,105.12100219726562
2024-06-25,105.25900268554688
2024-06-26,105.71399688720703
2024-06-27,105.57099914550781
2024-06-28,105.54499816894531
2024-07-01,105.58699798583984
2024-07-02,105.40699768066406
2024-07-03,105.0770034790039
2024-07-04,105.0770034790039
2024-07-05,104.5479965209961
2024-07-08,104.66799926757812
2024-07-09,104.80699920654297
2024-07-10,104.72899627685547
2024-07-11,104.13099670410156
2024-07-12,103.78299713134766
2024-07-15,103.88200378417969
2024-07-16,103.95899963378906
2024-07-17,103.44300079345703
2024-07-18,103.88500213623047
2024-07-19,104.11199951171875
2024-07-22,104.03700256347656
2024-07-23,104.17500305175781
2024-07-24,104.12200164794922
2024-07-25,104.10800170898438
2024-07-26,104.05899810791016
2024-07-29,104.31400299072266
2024-07-30,104.31900024414062
2024-07-31,103.85900115966797
2024-08-01,104.20500183105469
2024-08-02,102.98799896240234
2024-08-05,102.48300170898438
2024-08-06,102.75800323486328
2024-08-07,102.99800109863281
2024-08-08,103.02200317382812
2024-08-09,102.95700073242188
2024-08-12,102.96099853515625
2024-08-13,102.37999725341797
2024-08-14,102.38500213623047
2024-08-15,102.80799865722656
2024-08-16,102.30699920654297
2024-08-19,101.73100280761719
2024-08-20,101.29900360107422
2024-08-21,100.91000366210938
2024-08-22,101.39900207519531
2024-08-23,100.60600280761719
2024-08-26,100.74099731445312
2024-08-27,100.45500183105469
2024-08-28,100.98999786376953
2024-08-29,101.2699966430664
2024-08-30,101.6240005493164
2024-09-02,101.6240005493164
2024-09-03,101.76599884033203
2024-09-04,101.3010025024414
2024-09-05,101.0739974975586
2024-09-06,101.14299774169922
2024-09-09,101.51799774169922
2024-09-10,101.5979995727539
2024-09-11,101.65799713134766
2024-09-12,101.35099792480469
2024-09-13,101.12000274658203
2024-09-16,100.71099853515625
2024-09-17,100.56700134277344
2024-09-18,100.28199768066406
2024-09-19,100.32099914550781
2024-09-20,100.4229965209961
2024-09-23,100.55999755859375
2024-09-24,100.15899658203125
2024-09-25,100.6240005493164
2024-09-26,100.24600219726562
2024-09-27,100.10900115966797
2024-09-30,100.52100372314453
2024-10-01,100.93099975585938
2024-10-02,101.42500305175781
2024-10-03,101.75
2024-10-04,102.2750015258789
2024-10-07,102.3010025024414
2024-10-08,102.3030014038086
2024-10-09,102.69499969482422
2024-10-10,102.77300262451172
2024-10-11,102.677001953125
2024-10-14,103.08200073242188
2024-10-15,103.05500030517578
2024-10-16,103.4000015258789
2024-10-17,103.6520004272461
2024-10-18,103.30699920654297
2024-10-21,103.83399963378906
2024-10-22,103.90899658203125
2024-10-23,104.2770004272461
2024-10-24,103.91899871826172
2024-10-25,104.13200378417969
2024-10-28,104.18299865722656
2024-10-29,104.19100189208984
2024-10-30,103.86199951171875
2024-10-31,103.87799835205078
2024-11-01,104.2030029296875
2024-11-04,103.79000091552734
2024-11-05,103.3239974975586
2024-11-06,104.98500061035156
2024-11-07,104.37000274658203
2024-11-08,104.88999938964844
2024-11-11,105.45700073242188
2024-11-12,105.94999694824219
2024-11-13,106.37899780273438
2024-11-14,106.5979995727539
2024-11-15,106.61499786376953
2024-11-18,106.20099639892578
2024-11-19,106.14299774169922
2024-11-20,106.61599731445312
2024-11-21,106.93000030517578
2024-11-22,107.50700378417969
2024-11-25,106.7699966430664
2024-11-26,106.96800231933594
2024-11-27,106.0479965209961
2024-11-28,106.0479965209961
2024-11-29,105.8280029296875
2024-12-02,106.4229965209961
2024-12-03,106.33999633789062
2024-12-04,106.29000091552734
2024-12-05,105.70099639892578
2024-12-06,106.03900146484375
2024-12-09,106.125
2024-12-10,106.38200378417969
2024-12-11,106.69499969482422
2024-12-12,106.95899963378906
2024-12-13,106.99299621582031
2024-12-16,107.02999877929688
2024-12-17,106.66300201416016
2024-12-18,107.7490005493164
2024-12-19,108.1520004272461
2024-12-20,107.35099792480469
2024-12-23,107.80699920654297
2024-12-24,108.02300262451172
2024-12-25,108.02300262451172
2024-12-26,107.89299774169922
2024-12-27,107.79199981689453
2024-12-30,107.93299865722656
2024-12-31,108.2959976196289
2025-01-01,108.2959976196289
2025-01-02,109.20899963378906
2025-01-03,108.7979965209961
2025-01-06,108.10099792480469
2025-01-07,108.37799835205078
2025-01-08,108.9260025024414
2025-01-09,109.00399780273438
2025-01-10,109.48699951171875
2025-01-13,109.81199645996094
2025-01-14,109.11000061035156
2025-01-15,108.91600036621094
2025-01-16,108.81700134277344
2025-01-17,109.2030029296875
2025-01-20,109.2030029296875
2025-01-21,107.86100006103516
2025-01-22,107.96199798583984
2025-01-23,107.86299896240234
2025-01-24,107.24500274658203
2025-01-27,107.16000366210938
2025-01-28,107.68299865722656
2025-01-29,107.80899810791016
2025-01-30,107.63099670410156
2025-01-31,108.21700286865234
2025-02-03,108.87699890136719
2025-02-04,107.822998046875
2025-02-05,107.44200134277344
2025-02-06,107.5469970703125
2025-02-07,107.9280014038086
2025-02-10,108.19300079345703
2025-02-11,107.83300018310547
2025-02-12,107.822998046875
2025-02-13,107.21600341796875
2025-02-14,106.57499694824219
2025-02-17,106.57499694824219
2025-02-18,106.95500183105469
2025-02-19,107.06300354003906
2025-02-20,106.26899719238281
2025-02-21,106.51899719238281
2025-02-24,106.50900268554688
2025-02-25,106.22799682617188
2025-02-26,106.3290023803711
2025-02-27,107.1760025024414
2025-02-28,107.55799865722656
2025-03-03,106.66899871826172
2025-03-04,105.68699645996094
2025-03-05,104.25199890136719
2025-03-06,104.02799987792969
2025-03-07,103.81199645996094
2025-03-10,103.9530029296875
2025-03-11,103.27300262451172
2025-03-12,103.58699798583984
2025-03-13,103.83000183105469
2025-03-14,103.70500183105469
2025-03-17,103.47000122070312
2025-03-18,102.89199829101562
2025-03-19,103.09300231933594
2025-03-20,103.49700164794922
2025-03-21,103.74400329589844
2025-03-24,103.93599700927734
2025-03-25,103.83100128173828
2025-03-26,104.20700073242188
2025-03-27,103.99199676513672
2025-03-28,103.70899963378906
2025-03-31,103.88300323486328
2025-04-01,103.9489974975586
2025-04-02,103.49099731445312
2025-04-03,101.79499816894531
2025-04-04,102.76799774169922
2025-04-07,102.97200012207031
2025-04-08,102.70099639892578
2025-04-09,102.62300109863281
2025-04-10,100.61000061035156
2025-04-11,99.89199829101562
2025-04-14,99.39700317382812
2025-04-15,99.96199798583984
2025-04-16,99.14299774169922
2025-04-17,99.12899780273438
2025-04-18,99.12899780273438
2025-04-21,98.04399871826172
2025-04-22,98.69000244140625
2025-04-23,99.63600158691406
2025-04-24,99.16799926757812
2025-04-25,99.25399780273438
2025-04-28,98.78900146484375
2025-04-29,99.01799774169922
2025-04-30,99.2699966430664
2025-05-01,100.05400085449219
2025-05-02,99.83999633789062
2025-05-05,99.63999938964844
2025-05-06,99.0469970703125
2025-05-07,99.43499755859375
2025-05-08,100.48999786376953
2025-05-09,100.16799926757812
2025-05-12,101.5989990234375
2025-05-13,100.82599639892578
2025-05-14,100.87300109863281
2025-05-15,100.72899627685547
2025-05-16,100.94599914550781
2025-05-19,100.28800201416016
2025-05-20,99.97699737548828
2025-05-21,99.43499755859375
2025-05-22,99.8489990234375
2025-05-23,99.01000213623047
2025-05-26,99.01000213623047
2025-05-27,99.42500305175781
2025-05-28,99.78500366210938
2025-05-29,99.20899963378906
2025-05-30,99.25900268554688
2025-06-02,98.63500213623047
2025-06-03,99.15899658203125
2025-06-04,98.7300033569336
2025-06-05,98.7040023803711
2025-06-06,99.14199829101562
2025-06-09,98.90599822998047
2025-06-10,99.06999969482422
2025-06-11,98.60399627685547
2025-06-12,97.9010009765625
2025-06-13,98.1760025024414
2025-06-16,97.7020034790039
2025-06-17,98.39399719238281
2025-06-18,98.46800231933594
2025-06-19,98.46800231933594
2025-06-20,98.28199768066406
2025-06-23,98.01000213623047
2025-06-24,97.44999694824219
2025-06-25,97.27300262451172
2025-06-26,96.76200103759766
2025-06-27,97.03099822998047
2025-06-30,96.49299621582031
2025-07-01,96.46700286865234
2025-07-02,96.42900085449219
2025-07-03,96.8219985961914
2025-07-04,96.8219985961914
2025-07-07,97.14099884033203
2025-07-08,97.1719970703125
2025-07-09,97.1989974975586
2025-07-10,97.3219985961914
2025-07-11,97.52899932861328
2025-07-14,97.76300048828125
2025-07-15,98.30999755859375
2025-07-16,98.07499694824219
2025-07-17,98.44599914550781
2025-07-18,98.197998046875
2025-07-21,97.56999969482422
2025-07-22,97.11699676513672
2025-07-23,96.94300079345703
2025-07-24,97.1240005493164
2025-07-25,97.39900207519531
2025-07-28,98.3949966430664
2025-07-29,98.64700317382812
2025-07-30,99.58599853515625
2025-07-31,99.74299621582031
2025-08-01,98.93000030517578
2025-08-04,98.58599853515625
2025-08-05,98.58100128173828
2025-08-06,97.98300170898438
2025-08-07,98.22899627685547
2025-08-08,98.00900268554688
2025-08-11,98.36100006103516
2025-08-12,97.927001953125
2025-08-13,97.66200256347656
2025-08-14,98.10299682617188
2025-08-15,97.71199798583984
2025-08-18,98.01699829101562
2025-08-19,98.11900329589844
2025-08-20,98.08000183105469
2025-08-21,98.51100158691406
2025-08-22,97.5989990234375
