Date,Value
2020-12-15,
2020-12-16,
2020-12-17,
2020-12-18,
2020-12-21,
2020-12-22,
2020-12-23,
2020-12-24,
2020-12-28,
2020-12-29,
2020-12-30,
2020-12-31,
2021-01-04,
2021-01-05,
2021-01-06,
2021-01-07,
2021-01-08,
2021-01-11,
2021-01-12,
2021-01-13,
2021-01-14,
2021-01-15,
2021-01-19,
2021-01-20,
2021-01-21,
2021-01-22,
2021-01-25,
2021-01-26,
2021-01-27,
2021-01-28,
2021-01-29,
2021-02-01,
2021-02-02,
2021-02-03,
2021-02-04,
2021-02-05,
2021-02-08,
2021-02-09,
2021-02-10,
2021-02-11,
2021-02-12,
2021-02-16,
2021-02-17,
2021-02-18,
2021-02-19,
2021-02-22,
2021-02-23,
2021-02-24,
2021-02-25,
2021-02-26,
2021-03-01,
2021-03-02,
2021-03-03,
2021-03-04,
2021-03-05,
2021-03-08,
2021-03-09,
2021-03-10,
2021-03-11,
2021-03-12,
2021-03-15,
2021-03-16,
2021-03-17,
2021-03-18,
2021-03-19,
2021-03-22,
2021-03-23,
2021-03-24,
2021-03-25,
2021-03-26,
2021-03-29,
2021-03-30,
2021-03-31,
2021-04-01,
2021-04-05,
2021-04-06,
2021-04-07,
2021-04-08,
2021-04-09,
2021-04-12,
2021-04-13,
2021-04-14,
2021-04-15,
2021-04-16,
2021-04-19,
2021-04-20,
2021-04-21,
2021-04-22,
2021-04-23,
2021-04-26,
2021-04-27,
2021-04-28,
2021-04-29,
2021-04-30,
2021-05-03,
2021-05-04,
2021-05-05,
2021-05-06,
2021-05-07,
2021-05-10,
2021-05-11,
2021-05-12,
2021-05-13,
2021-05-14,
2021-05-17,
2021-05-18,
2021-05-19,
2021-05-20,
2021-05-21,
2021-05-24,
2021-05-25,
2021-05-26,
2021-05-27,
2021-05-28,
2021-06-01,
2021-06-02,42.066666666667
2021-06-03,41.6
2021-06-04,42.766666666667
2021-06-07,43.733333333333
2021-06-08,45.9
2021-06-09,46.633333333333
2021-06-10,49.866666666667
2021-06-11,52.5
2021-06-14,54.1
2021-06-15,51.866666666667
2021-06-16,44.7
2021-06-17,42.766666666667
2021-06-18,31.8
2021-06-21,33.433333333333
2021-06-22,32.366666666667
2021-06-23,33.833333333333
2021-06-24,37.233333333333
2021-06-25,41.833333333333
2021-06-28,41.533333333333
2021-06-29,40.033333333333
2021-06-30,37.966666666667
2021-07-01,39.066666666667
2021-07-02,38.6
2021-07-06,33.066666666667
2021-07-07,32.333333333333
2021-07-08,26.866666666667
2021-07-09,31.533333333333
2021-07-12,33.066666666667
2021-07-13,30.333333333333
2021-07-14,29.633333333333
2021-07-15,26.8
2021-07-16,22.633333333333
2021-07-19,13.807443365696
2021-07-20,20.633333333333
2021-07-21,24.466666666667
2021-07-22,25.2
2021-07-23,29.133333333333
2021-07-26,30.7
2021-07-27,27.366666666667
2021-07-28,27.466666666667
2021-07-29,30.433333333333
2021-07-30,26.466666666667
2021-08-02,24.366666666667
2021-08-03,29.8
2021-08-04,27.333333333333
2021-08-05,32.533333333333
2021-08-06,32.533333333333
2021-08-09,32.0
2021-08-10,34.266666666667
2021-08-11,35.6
2021-08-12,38.966666666667
2021-08-13,41.433333333333
2021-08-16,46.766666666667
2021-08-17,36.733333333333
2021-08-18,20.592783505155
2021-08-19,19.112925170068
2021-08-20,24.433333333333
2021-08-23,28.166666666667
2021-08-24,33.966666666667
2021-08-25,38.9
2021-08-26,33.733333333333
2021-08-27,44.766666666667
2021-08-30,49.966666666667
2021-08-31,45.3
2021-09-01,47.133333333333
2021-09-02,46.966666666667
2021-09-03,44.6
2021-09-07,42.9
2021-09-08,38.866666666667
2021-09-09,34.466666666667
2021-09-10,23.068686868687
2021-09-13,28.466666666667
2021-09-14,24.2
2021-09-15,27.9
2021-09-16,31.333333333333
2021-09-17,22.933333333333
2021-09-20,12.291749174918
2021-09-21,13.829411764706
2021-09-22,20.4
2021-09-23,23.533333333333
2021-09-24,24.766666666667
2021-09-27,25.3
2021-09-28,15.33139158576
2021-09-29,15.532692307692
2021-09-30,12.950793650794
2021-10-01,18.466666666667
2021-10-04,12.764150943396
2021-10-05,18.7
2021-10-06,19.5
2021-10-07,23.766666666667
2021-10-08,25.533333333333
2021-10-11,24.133333333333
2021-10-12,24.6
2021-10-13,24.533333333333
2021-10-14,29.766666666667
2021-10-15,41.066666666667
2021-10-18,46.8
2021-10-19,53.6
2021-10-20,57.3
2021-10-21,60.333333333333
2021-10-22,59.466666666667
2021-10-25,62.8
2021-10-26,63.2
2021-10-27,58.3
2021-10-28,64.566666666667
2021-10-29,65.566666666667
2021-11-01,66.4
2021-11-02,68.5
2021-11-03,72.6
2021-11-04,72.733333333333
2021-11-05,73.733333333333
2021-11-08,74.5
2021-11-09,77.457142857143
2021-11-10,73.628571428571
2021-11-11,72.857142857143
2021-11-12,74.314285714286
2021-11-15,72.514285714286
2021-11-16,72.971428571429
2021-11-17,71.142857142857
2021-11-18,68.371428571429
2021-11-19,63.914285714286
2021-11-22,59.714285714286
2021-11-23,59.0
2021-11-24,59.114285714286
2021-11-26,33.021361815754
2021-11-29,38.657142857143
2021-11-30,27.056084656085
2021-12-01,26.05871559633
2021-12-02,25.322077922078
2021-12-03,20.993822393822
2021-12-06,24.373469387755
2021-12-07,36.828571428571
2021-12-08,41.542857142857
2021-12-09,37.514285714286
2021-12-10,42.914285714286
2021-12-13,35.971428571429
2021-12-14,32.028571428571
2021-12-15,37.2
2021-12-16,34.0
2021-12-17,32.342857142857
2021-12-20,29.685714285714
2021-12-21,34.628571428571
2021-12-22,39.742857142857
2021-12-23,43.857142857143
2021-12-27,59.4
2021-12-28,59.028571428571
2021-12-29,63.857142857143
2021-12-30,64.857142857143
2021-12-31,61.942857142857
2022-01-03,65.885714285714
2022-01-04,66.4
2022-01-05,52.285714285714
2022-01-06,50.485714285714
2022-01-07,51.2
2022-01-10,47.771428571429
2022-01-11,55.285714285714
2022-01-12,59.228571428571
2022-01-13,50.342857142857
2022-01-14,52.885714285714
2022-01-18,51.342857142857
2022-01-19,48.685714285714
2022-01-20,40.342857142857
2022-01-21,29.48051948052
2022-01-24,25.881595881596
2022-01-25,22.473359073359
2022-01-26,21.187644787645
2022-01-27,20.438775510204
2022-01-28,23.828571428571
2022-01-31,30.228571428571
2022-02-01,30.885714285714
2022-02-02,27.714285714286
2022-02-03,26.314285714286
2022-02-04,27.8
2022-02-07,27.971428571429
2022-02-08,29.657142857143
2022-02-09,32.971428571429
2022-02-10,32.171428571429
2022-02-11,29.2
2022-02-14,25.142857142857
2022-02-15,28.742857142857
2022-02-16,30.514285714286
2022-02-17,29.714285714286
2022-02-18,30.428571428571
2022-02-22,28.057142857143
2022-02-23,21.117520215633
2022-02-24,22.417789757412
2022-02-25,32.342857142857
2022-02-28,30.040816326531
2022-03-01,24.882993197279
2022-03-02,21.429931972789
2022-03-03,22.819047619048
2022-03-04,21.027210884354
2022-03-07,17.949659863946
2022-03-08,18.193197278912
2022-03-09,21.236734693878
2022-03-10,20.11156462585
2022-03-11,19.900680272109
2022-03-14,20.518367346939
2022-03-15,23.771428571429
2022-03-16,25.4
2022-03-17,29.171428571429
2022-03-18,37.971428571429
2022-03-21,40.771428571429
2022-03-22,44.571428571429
2022-03-23,45.514285714286
2022-03-24,47.542857142857
2022-03-25,49.342857142857
2022-03-28,51.2
2022-03-29,53.342857142857
2022-03-30,52.828571428571
2022-03-31,58.971428571429
2022-04-01,59.685714285714
2022-04-04,61.8
2022-04-05,48.542857142857
2022-04-06,46.628571428571
2022-04-07,46.771428571429
2022-04-08,46.457142857143
2022-04-11,44.057142857143
2022-04-12,43.457142857143
2022-04-13,43.314285714286
2022-04-14,41.057142857143
2022-04-18,39.228571428571
2022-04-19,42.485714285714
2022-04-20,41.028571428571
2022-04-21,40.885714285714
2022-04-22,32.742857142857
2022-04-25,30.428571428571
2022-04-26,20.582706766917
2022-04-27,19.457894736842
2022-04-28,23.257142857143
2022-04-29,18.542857142857
2022-05-02,17.771428571429
2022-05-03,30.742857142857
2022-05-04,22.171428571429
2022-05-05,17.628571428571
2022-05-06,16.257142857143
2022-05-09,10.219047619048
2022-05-10,10.866666666667
2022-05-11,8.0375939849624
2022-05-12,6.8947368421053
2022-05-13,11.6
2022-05-16,14.4222466735
2022-05-17,15.853738457986
2022-05-18,9.7321459062857
2022-05-19,12.416169113886
2022-05-20,11.7857056626
2022-05-23,13.0167966455
2022-05-24,11.900047944429
2022-05-25,13.760740068786
2022-05-26,17.110986172014
2022-05-27,21.922215055457
2022-05-31,26.131382673543
2022-06-01,25.159380378657
2022-06-02,27.706138841086
2022-06-03,29.338267355143
2022-06-06,27.480091795757
2022-06-07,30.888123924271
2022-06-08,32.979575444629
2022-06-09,35.5619047619
2022-06-10,32.303729202514
2022-06-13,28.158921399886
2022-06-14,15.913678982086
2022-06-15,16.7708281266
2022-06-16,20.575788869771
2022-06-17,13.173082807414
2022-06-21,14.662124689229
2022-06-22,19.721791929629
2022-06-23,21.9438898451
2022-06-24,22.600917957543
2022-06-27,27.773838209986
2022-06-28,29.001835915086
2022-06-29,26.200688468157
2022-06-30,24.884681583486
2022-07-01,22.998623063686
2022-07-05,24.600229489386
2022-07-06,23.569707401043
2022-07-07,24.397819850829
2022-07-08,28.027997705114
2022-07-11,30.084566838786
2022-07-12,27.312105565114
2022-07-13,26.341594951229
2022-07-14,24.315892139986
2022-07-15,23.974067699371
2022-07-18,26.920137693629
2022-07-19,29.901893287443
2022-07-20,35.738152610443
2022-07-21,39.426161790014
2022-07-22,41.827768215729
2022-07-25,38.598623063686
2022-07-26,38.373034997129
2022-07-27,35.486517498571
2022-07-28,38.231899024671
2022-07-29,39.061732644857
2022-08-01,41.576018359143
2022-08-02,40.090189328743
2022-08-03,40.8908777969
2022-08-04,44.3205966724
2022-08-05,47.491566265057
2022-08-08,49.577739529543
2022-08-09,49.921744119343
2022-08-10,48.892713711986
2022-08-11,51.751692484214
2022-08-12,52.895123350543
2022-08-15,54.952839931143
2022-08-16,54.866551921971
2022-08-17,56.6676993689
2022-08-18,55.351348250143
2022-08-19,54.466896156043
2022-08-22,51.236947791171
2022-08-23,46.120940906486
2022-08-24,45.093402180157
2022-08-25,46.493975903614
2022-08-26,48.666896156057
2022-08-29,44.207458405057
2022-08-30,54.114285714286
2022-08-31,49.114285714286
2022-09-01,48.171428571429
2022-09-02,45.485714285714
2022-09-06,42.857142857143
2022-09-07,41.171428571429
2022-09-08,40.457142857143
2022-09-09,41.742857142857
2022-09-12,44.942857142857
2022-09-13,48.657142857143
2022-09-14,39.720879120879
2022-09-15,41.714285714286
2022-09-16,40.228571428571
2022-09-19,35.857142857143
2022-09-20,37.171428571429
2022-09-21,36.657142857143
2022-09-22,30.837229437229
2022-09-23,31.108403361345
2022-09-26,24.433954451346
2022-09-27,19.061224489796
2022-09-28,18.02092555332
2022-09-29,19.150793650794
2022-09-30,16.21409001957
2022-10-03,14.723552123552
2022-10-04,24.514285714286
2022-10-05,29.142857142857
2022-10-06,29.714285714286
2022-10-07,26.98947368421
2022-10-10,24.939517625232
2022-10-11,20.432967032967
2022-10-12,19.703074141049
2022-10-13,19.453571428571
2022-10-14,23.257495590829
2022-10-17,21.795121951219
2022-10-18,30.991394148021
2022-10-19,33.960544217687
2022-10-20,35.818367346939
2022-10-21,40.114285714286
2022-10-24,45.342857142857
2022-10-25,49.914285714286
2022-10-26,52.971428571429
2022-10-27,57.285714285714
2022-10-28,56.6
2022-10-31,64.05714
2022-11-01,63.51429
2022-11-02,55.28571
2022-11-03,55.51429
2022-11-04,56.51429
2022-11-07,59.65714
2022-11-08,57.94286
2022-11-09,54.0
2022-11-10,60.34286
2022-11-11,63.74286
2022-11-14,62.68571
2022-11-15,66.91429
2022-11-16,65.08571
2022-11-17,61.48571
2022-11-18,60.34286
2022-11-21,60.97143
2022-11-22,60.8
2022-11-23,64.25714
2022-11-25,63.08571
2022-11-28,59.74286
2022-11-29,58.17143
2022-11-30,73.97143
2022-12-01,75.6
2022-12-02,68.14286
2022-12-05,65.08571
2022-12-06,61.82857
2022-12-07,58.42857
2022-12-08,55.68571
2022-12-09,52.08571
2022-12-12,57.2
2022-12-13,59.17143
2022-12-14,60.94286
2022-12-15,60.14286
2022-12-16,44.14286
2022-12-19,39.97143
2022-12-20,38.31429
2022-12-21,38.54286
2022-12-22,37.0
2022-12-23,39.51429
2022-12-27,39.94286
2022-12-28,35.51429
2022-12-29,37.14286
2022-12-30,36.51429
2023-01-03,36.6
2023-01-04,39.85714
2023-01-05,44.17143
2023-01-06,45.71429
2023-01-09,47.2
2023-01-10,49.65714
2023-01-11,54.22857
2023-01-12,56.68571
2023-01-13,61.31429
2023-01-17,64.14286
2023-01-18,58.42857
2023-01-19,55.42857
2023-01-20,58.54286
2023-01-23,63.6
2023-01-24,63.0
2023-01-25,63.88571
2023-01-26,68.02857
2023-01-27,69.2
2023-01-30,67.45714
2023-01-31,70.34286
2023-02-01,82.17143
2023-02-02,75.2
2023-02-03,76.14286
2023-02-06,75.91429
2023-02-07,76.34286
2023-02-08,74.62857
2023-02-09,72.62857
2023-02-10,72.48571
2023-02-13,71.82857
2023-02-14,73.25714
2023-02-15,73.65714
2023-02-16,70.71429
2023-02-17,69.48571
2023-02-21,65.91429
2023-02-22,64.17143
2023-02-23,62.65714
2023-02-24,60.65714
2023-02-27,61.22857
2023-02-28,61.2
2023-03-01,65.91429
2023-03-02,52.45714
2023-03-03,55.68571
2023-03-06,55.25714
2023-03-07,48.51429
2023-03-08,49.82857
2023-03-09,37.54286
2023-03-10,26.88571
2023-03-13,23.35714
2023-03-14,25.08571
2023-03-15,22.68571
2023-03-16,32.57143
2023-03-17,27.0
2023-03-20,30.42857
2023-03-21,43.48571
2023-03-22,41.02857
2023-03-23,38.34286
2023-03-24,37.71429
2023-03-27,40.2
2023-03-28,39.6
2023-03-29,41.45714
2023-03-30,45.22857
2023-03-31,49.48571
2023-04-03,61.48571
2023-04-04,50.22857
2023-04-05,52.62857
2023-04-06,55.25714
2023-04-10,57.91429
2023-04-11,58.48571
2023-04-12,60.74286
2023-04-13,63.17143
2023-04-14,65.71429
2023-04-17,67.08571
2023-04-18,65.48571
2023-04-19,67.25714
2023-04-20,64.05714
2023-04-21,63.51429
2023-04-24,63.48571
2023-04-25,57.05714
2023-04-26,52.4
2023-04-27,58.31429
2023-04-28,59.42857
2023-05-01,59.42857
2023-05-02,55.51429
2023-05-03,54.62857
2023-05-04,49.6
2023-05-05,53.88571
2023-05-08,57.14286
2023-05-09,59.57143
2023-05-10,59.97143
2023-05-11,59.05714
2023-05-12,57.34286
2023-05-15,57.25714
2023-05-16,55.28571
2023-05-17,60.25714
2023-05-18,64.91429
2023-05-19,65.45714
2023-05-22,67.85714
2023-05-23,65.8
2023-05-24,61.82857
2023-05-25,62.68571
2023-05-26,65.71429
2023-05-30,66.08571
2023-05-31,64.17143
2023-06-01,68.05714
2023-06-02,75.42857
2023-06-05,69.48571
2023-06-06,73.51429
2023-06-07,74.45714
2023-06-08,75.77143
2023-06-09,76.97143
2023-06-12,78.05714
2023-06-13,79.62857
2023-06-14,79.62857
2023-06-15,80.88571
2023-06-16,81.25714
2023-06-20,80.11429
2023-06-21,80.11429
2023-06-22,80.05714
2023-06-23,75.71429
2023-06-26,73.45714
2023-06-27,75.48571
2023-06-28,76.51429
2023-06-29,79.2
2023-06-30,79.48571
2023-07-03,82.22857
2023-07-05,79.25714
2023-07-06,77.91429
2023-07-07,77.68571
2023-07-10,76.68571
2023-07-11,78.28571
2023-07-12,78.17143
2023-07-13,79.4
2023-07-14,79.8
2023-07-17,80.02857
2023-07-18,81.68571
2023-07-19,82.34286
2023-07-20,80.85714
2023-07-21,81.02857
2023-07-24,82.51429
2023-07-25,81.22857
2023-07-26,80.6
2023-07-27,77.65714
2023-07-28,76.91429
2023-07-31,77.62857
2023-08-01,77.34286
2023-08-02,77.34286
2023-08-03,73.62857
2023-08-04,64.5
2023-08-07,72.05714
2023-08-08,69.2
2023-08-09,67.31429
2023-08-10,66.34286
2023-08-11,65.02857
2023-08-14,66.28571
2023-08-15,54.5
2023-08-16,49.48571
2023-08-17,46.14286
2023-08-18,43.65714
2023-08-21,43.48571
2023-08-22,43.44286
2023-08-23,50.17143
2023-08-24,40.58571
2023-08-25,47.02857
2023-08-28,45.28571
2023-08-29,49.17143
2023-08-30,50.42857
2023-08-31,52.94286
2023-09-01,55.02857
2023-09-05,59.08571
2023-09-06,56.71429
2023-09-07,53.62857
2023-09-08,51.91429
2023-09-11,52.2
2023-09-12,51.4
2023-09-13,51.4
2023-09-14,54.42857
2023-09-15,52.02857
2023-09-18,49.48571
2023-09-19,49.94286
2023-09-20,48.28571
2023-09-21,37.15714
2023-09-22,33.15714
2023-09-25,38.42857
2023-09-26,24.22857
2023-09-27,22.82857
2023-09-28,29.0
2023-09-29,28.4
2023-10-02,28.31429
2023-10-03,20.52857
2023-10-04,20.98571
2023-10-05,20.32857
2023-10-06,27.71429
2023-10-09,29.25714
2023-10-10,32.31429
2023-10-11,34.34286
2023-10-12,35.68571
2023-10-13,26.27143
2023-10-16,35.74286
2023-10-17,39.14286
2023-10-18,30.57143
2023-10-19,29.54286
2023-10-20,22.85714
2023-10-23,25.84286
2023-10-24,33.48571
2023-10-25,25.21429
2023-10-26,22.71429
2023-10-27,23.89727
2023-10-30,30.65714
2023-10-31,30.57143
2023-11-01,32.05714
2023-11-02,32.37143
2023-11-03,41.6
2023-11-06,41.37143
2023-11-07,40.82857
2023-11-08,40.08571
2023-11-09,41.42857
2023-11-10,42.25714
2023-11-13,40.51429
2023-11-14,47.05714
2023-11-15,53.4
2023-11-16,54.85714
2023-11-17,58.17143
2023-11-20,62.17143
2023-11-21,64.0
2023-11-22,66.37143
2023-11-24,68.2
2023-11-27,65.05714
2023-11-28,65.4
2023-11-29,63.57143
2023-11-30,66.34286
2023-12-01,66.85714
2023-12-04,68.4
2023-12-05,66.54286
2023-12-06,62.88571
2023-12-07,64.11429
2023-12-08,67.62857
2023-12-11,67.71429
2023-12-12,67.94286
2023-12-13,69.28571
2023-12-14,70.94286
2023-12-15,66.91429
2023-12-18,76.6
2023-12-19,79.71429
2023-12-20,71.54286
2023-12-21,74.0
2023-12-22,76.8
2023-12-26,78.97143
2023-12-27,77.48571
2023-12-28,77.28571
2023-12-29,76.42857
2024-01-02,75.91429
2024-01-03,72.28571
2024-01-04,74.45714
2024-01-05,73.68571
2024-01-08,74.4
2024-01-09,73.0
2024-01-10,74.57143
2024-01-11,72.48571
2024-01-12,70.88571
2024-01-16,70.4
2024-01-17,57.77815
2024-01-18,66.11429
2024-01-19,71.85714
2024-01-22,71.42857
2024-01-23,73.48571
2024-01-24,76.14286
2024-01-25,77.4
2024-01-26,76.74286
2024-01-29,76.97143
2024-01-30,74.11429
2024-01-31,64.87901
2024-02-01,70.4
2024-02-02,66.97143
2024-02-05,73.45714
2024-02-06,73.37143
2024-02-07,75.2
2024-02-08,76.57143
2024-02-09,77.8
2024-02-12,77.88571
2024-02-13,68.80279
2024-02-14,73.30361
2024-02-15,76.28571
2024-02-16,77.28571
2024-02-20,67.27075
2024-02-21,69.72177
2024-02-22,78.45714
2024-02-23,77.74286
2024-02-26,75.91429
2024-02-27,77.62857
2024-02-28,78.65714
2024-02-29,79.11429
2024-03-01,77.34286
2024-03-04,78.77143
2024-03-05,74.31429
2024-03-06,73.88571
2024-03-07,74.71429
2024-03-08,71.37143
2024-03-11,66.69824
2024-03-12,69.31429
2024-03-13,69.48571
2024-03-14,72.8
2024-03-15,70.37143
2024-03-18,71.65714
2024-03-19,70.62857
2024-03-20,72.77143
2024-03-21,74.82857
2024-03-22,71.77143
2024-03-25,67.68571
2024-03-26,67.28571
2024-03-27,70.02857
2024-03-28,70.68571
2024-04-01,72.51429
2024-04-02,63.17143
2024-04-03,61.65714
2024-04-04,48.80772
2024-04-05,61.20952
2024-04-08,66.02857
2024-04-09,61.17143
2024-04-10,54.08947
2024-04-11,58.62857
2024-04-12,46.27829
2024-04-15,41.14872
2024-04-16,37.72297
2024-04-17,34.575
2024-04-18,34.11252
2024-04-19,31.24042
2024-04-22,37.57143
2024-04-23,40.37143
2024-04-24,41.2
2024-04-25,40.42857
2024-04-26,41.94286
2024-04-29,43.62857
2024-04-30,40.68571
2024-05-01,40.25714
2024-05-02,36.28571
2024-05-03,39.6
2024-05-06,40.28571
2024-05-07,38.71429
2024-05-08,39.4
2024-05-09,44.14286
2024-05-10,47.51429
2024-05-13,49.88571
2024-05-14,54.02857
2024-05-15,59.77143
2024-05-16,60.37143
2024-05-17,64.51429
2024-05-20,64.31429
2024-05-21,62.6
2024-05-22,58.8
2024-05-23,53.77143
2024-05-24,53.14286
2024-05-28,52.51429
2024-05-29,47.48571
2024-05-30,45.48571
2024-05-31,48.42857
2024-06-03,51.08571
2024-06-04,41.71429
2024-06-05,45.54286
2024-06-06,45.14286
2024-06-07,45.28571
2024-06-10,47.57143
2024-06-11,46.05714
2024-06-12,46.94286
2024-06-13,43.17143
2024-06-14,38.4
2024-06-17,41.97143
2024-06-18,42.31429
2024-06-20,40.2
2024-06-21,40.8
2024-06-24,39.62857
2024-06-25,39.08571
2024-06-26,41.48571
2024-06-27,46.0
2024-06-28,43.77143
2024-07-01,48.08571
2024-07-02,50.22857
2024-07-03,43.74286
2024-07-05,53.94286
2024-07-08,52.74286
2024-07-09,52.34286
2024-07-10,57.82857
2024-07-11,51.85714
2024-07-12,56.48571
2024-07-15,62.08571
2024-07-16,63.77143
2024-07-17,53.90576
2024-07-18,50.62857
2024-07-19,49.23561
2024-07-22,55.84898
2024-07-23,55.54447
2024-07-24,41.15635
2024-07-25,39.37065
2024-07-26,45.261
2024-07-29,45.81905
2024-07-30,42.21504
2024-07-31,52.49425
2024-08-01,39.70037
2024-08-02,27.03327
2024-08-05,19.05714
2024-08-06,20.85185
2024-08-07,19.72334
2024-08-08,23.99346
2024-08-09,23.94286
2024-08-12,23.6
2024-08-13,24.68571
2024-08-14,26.08571
2024-08-15,32.97143
2024-08-16,35.08571
2024-08-19,41.31429
2024-08-20,44.88571
2024-08-21,50.51429
2024-08-22,47.54286
2024-08-23,52.85714
2024-08-26,53.97143
2024-08-27,52.85714
2024-08-28,51.97143
2024-08-29,57.6
2024-08-30,63.42857
2024-09-03,65.4
2024-09-04,52.82857
2024-09-05,46.77143
2024-09-06,39.25714
2024-09-09,42.08571
2024-09-10,39.54286
2024-09-11,43.08571
2024-09-12,42.8
2024-09-13,42.8
2024-09-16,54.08571
2024-09-17,
2024-09-18,60.82857
2024-09-19,
2024-09-20,63.85714
2024-09-23,65.05714
2024-09-24,66.48571
2024-09-25,67.08571
2024-09-26,68.82857
2024-09-27,72.77143
2024-09-30,
2024-10-01,
2024-10-02,
2024-10-03,
2024-10-04,73.6
2024-10-07,69.42857
2024-10-08,70.6
2024-10-09,71.42857
2024-10-10,69.08571
2024-10-11,
2024-10-14,75.08571
2024-10-15,66.94286
2024-10-16,69.45714
2024-10-17,71.62857
2024-10-18,74.68571
2024-10-21,73.02857
2024-10-22,70.25714
2024-10-23,63.11429
2024-10-24,63.4
2024-10-25,58.91429
2024-10-28,61.74286
2024-10-29,60.22857
2024-10-30,57.54286
2024-10-31,43.50893
2024-11-01,48.8
2024-11-04,42.88571
2024-11-05,43.54286
2024-11-06,57.91429
2024-11-07,59.6
2024-11-08,60.54286
2024-11-11,67.91429
2024-11-12,68.65714
2024-11-13,67.51429
2024-11-14,60.28571
2024-11-15,50.91429
2024-11-18,50.14286
2024-11-19,50.42857
2024-11-20,50.82857
2024-11-21,57.62857
2024-11-22,60.91429
2024-11-25,61.45714
2024-11-26,64.4
2024-11-27,64.34286
2024-11-29,66.14286
2024-12-02,66.57143
2024-12-03,62.4
2024-12-04,57.14286
2024-12-05,55.77143
2024-12-06,53.0
2024-12-09,53.0
2024-12-10,48.48571
2024-12-11,51.71429
2024-12-12,48.74286
2024-12-13,50.0
2024-12-16,56.65714
2024-12-17,51.82857
2024-12-18,33.84615
2024-12-19,22.50043
2024-12-20,28.08571
2024-12-23,30.08571
2024-12-24,33.97143
2024-12-26,35.08571
2024-12-27,34.25714
2024-12-30,27.91429
2024-12-31,27.8
2025-01-02,26.14286
2025-01-03,31.65714
2025-01-06,36.74286
2025-01-07,35.71429
2025-01-08,32.37143
2025-01-10,26.88571
2025-01-13,26.65714
2025-01-14,26.71429
2025-01-15,29.14286
2025-01-16,28.4
2025-01-17,37.68571
2025-01-21,40.82857
2025-01-22,43.31429
2025-01-23,46.97143
2025-01-24,48.65714
2025-01-27,39.11429
2025-01-28,44.34286
2025-01-29,45.6
2025-01-30,48.05714
2025-01-31,45.8
2025-02-03,44.11429
2025-02-04,38.97143
2025-02-05,39.6
2025-02-06,41.11429
2025-02-07,39.28571
2025-02-10,46.2
2025-02-11,46.45714
2025-02-12,44.02857
2025-02-13,46.71429
2025-02-14,44.48571
2025-02-18,48.88571
2025-02-19,48.34286
2025-02-20,45.14286
2025-02-21,35.42857
2025-02-24,29.25714
2025-02-25,22.91429
2025-02-26,21.74286
2025-02-27,18.41962
2025-02-28,19.71429
2025-03-03,24.48571
2025-03-04,19.78758
2025-03-05,21.8898
2025-03-06,17.29175
2025-03-07,20.49014
2025-03-10,14.59115
2025-03-11,16.2668
2025-03-12,20.45875
2025-03-13,14.84386
2025-03-14,20.97143
2025-03-17,22.14286
2025-03-18,19.82857
2025-03-19,22.37143
2025-03-20,22.22857
2025-03-21,22.57143
2025-03-24,27.88571
2025-03-25,28.85714
2025-03-26,28.62857
2025-03-27,27.88571
2025-03-28,21.85714
2025-03-31,21.34286
2025-04-01,19.34286
2025-04-02,17.08571
2025-04-03,7.72653
2025-04-04,4.24346
2025-04-07,4.42698
2025-04-08,3.80783
2025-04-09,16.59923
2025-04-10,8.49524
2025-04-11,12.64737
2025-04-14,19.47866
2025-04-15,18.55971
2025-04-16,14.44304
2025-04-17,20.91429
2025-04-21,21.78571
2025-04-22,24.38765
2025-04-23,27.4
2025-04-24,31.05714
2025-04-25,35.34286
2025-04-28,36.51429
2025-04-29,37.91429
2025-04-30,35.05714
2025-05-01,47.02857
2025-05-02,42.62857
2025-05-05,56.6
2025-05-06,57.02857
2025-05-07,56.0
2025-05-08,61.71429
2025-05-09,61.6
2025-05-12,66.14286
2025-05-13,68.77143
2025-05-14,70.42857
2025-05-15,69.02857
2025-05-16,70.6
2025-05-19,69.71429
2025-05-20,69.31429
2025-05-21,66.28571
2025-05-22,66.28571
2025-05-23,63.65714
2025-05-27,65.17143
2025-05-28,64.74286
2025-05-29,64.11429
2025-05-30,61.54286
2025-06-02,62.65714
2025-06-03,55.77143
2025-06-04,54.31429
2025-06-05,58.37143
2025-06-06,63.28571
2025-06-09,62.2
2025-06-10,63.77143
2025-06-11,62.17143
2025-06-12,61.4
2025-06-13,59.88571
2025-06-16,62.11429
2025-06-17,53.91429
2025-06-18,53.77143
2025-06-20,55.37143
2025-06-23,56.54286
2025-06-24,56.34286
2025-06-25,58.97143
2025-06-26,61.74286
2025-06-27,64.6
2025-06-30,67.05714
2025-07-01,65.22857
2025-07-02,63.2
2025-07-03,77.77143
2025-07-07,75.31429
2025-07-08,74.28571
2025-07-09,74.88571
2025-07-10,75.48571
2025-07-11,75.28571
2025-07-14,76.42857
2025-07-15,73.91429
2025-07-16,74.11429
2025-07-17,75.31429
2025-07-18,75.0
2025-07-21,73.6
2025-07-22,73.02857
2025-07-23,76.31429
2025-07-24,75.17143
2025-07-25,73.94286
2025-07-28,73.6
2025-07-29,69.25714
2025-07-30,66.77143
2025-07-31,62.65714
2025-08-01,50.04878
2025-08-04,56.65714
2025-08-05,54.57143
2025-08-06,55.28571
2025-08-07,54.74286
2025-08-08,59.22857
2025-08-11,57.97143
2025-08-12,63.14286
2025-08-13,63.57143
2025-08-14,63.54286
2025-08-15,64.48571
