date,signal,rule_fg,rule_drawdown,rule_momentum,fg_value,Open,ret_10d,drawdown_60d,vol_20d
2021-07-26,0,0,0,0,30.7,367.49,,0.0,
2021-07-27,0,0,0,0,27.366666666667,368.22,,0.0,
2021-07-28,0,0,0,0,27.466666666667,365.6,,-0.007115311498560706,
2021-07-29,0,0,0,0,30.433333333333,365.25,,-0.008065830210200464,
2021-07-30,0,0,0,0,26.466666666667,362.44,,-0.015697137580794163,
2021-08-02,0,0,0,0,24.366666666667,366.28,,-0.005268589430232118,
2021-08-03,0,0,0,0,29.8,365.28,,-0.007984357177774348,
2021-08-04,0,0,0,0,27.333333333333,366.77,,-0.003937863233936412,
2021-08-05,0,0,0,0,32.533333333333,368.18,,-0.00010863070990174695,
2021-08-06,0,0,0,0,32.533333333333,368.37,,0.0,
2021-08-09,0,0,0,0,32.0,368.52,0.0028027973550299734,0.0,0.08620004555171631
2021-08-10,0,0,0,0,34.266666666667,369.26,0.0028243984574438663,0.0,0.08218741968764828
2021-08-11,0,0,0,0,35.6,368.14,0.006947483588621406,-0.003033093213453908,0.07997085568351509
2021-08-12,0,0,0,0,38.966666666667,365.69,0.0012046543463382076,-0.009667984617884429,0.08223396825407397
2021-08-13,0,0,0,0,41.433333333333,367.89,0.015036971636684715,-0.0037101229485999587,0.08351773360014286
2021-08-16,0,0,0,0,46.766666666667,367.67,0.003794910997051648,-0.004305909115528306,0.08052917147041949
2021-08-17,0,0,0,0,36.733333333333,366.15,0.00238173455978985,-0.008422249905215895,0.0795465185631218
2021-08-18,0,0,0,0,20.592783505155,365.18,-0.00433514191455131,-0.011049125277582172,0.07758797487103074
2021-08-19,0,0,0,0,19.112925170068,360.22,-0.021619859851159662,-0.024481395222878066,0.09007522698225467
2021-08-20,0,0,0,0,24.433333333333,365.06,-0.008985530852132384,-0.01137409955045221,0.10228928783780943
2021-08-23,0,0,0,0,28.166666666667,368.8,0.0007597959405190036,-0.0012457347126685336,0.10640160594033916
2021-08-24,0,0,0,0,33.966666666667,373.84,0.012403184747874052,0.0,0.11659233170603188
2021-08-25,0,0,0,0,38.9,374.63,0.017629162818493027,0.0,0.11284194717539839
2021-08-26,0,0,0,0,33.733333333333,373.92,0.022505400749268656,-0.0018952032672235886,0.1131334161513664
2021-08-27,0,0,0,0,44.766666666667,373.07,0.014080295740574567,-0.004164108587139337,0.10904584946632319
2021-08-30,0,0,0,0,49.966666666667,376.85,0.02496804199417957,0.0,0.10854345397841218
2021-08-31,0,0,0,0,45.3,380.51,0.039218899358186565,0.0,0.11114887788623551
2021-09-01,0,0,0,0,47.133333333333,381.04,0.04343063694616367,0.0,0.11091291319037164
2021-09-02,0,0,0,0,46.966666666667,381.97,0.060379767919604754,0.0,0.11070387421344696
2021-09-03,0,0,0,0,44.6,379.22,0.038788144414616754,-0.007199518286776452,0.11524388189841778
2021-09-07,0,0,0,0,42.9,381.68,0.0349240780911062,-0.0007592219284237034,0.11650875367474324
2021-09-08,0,0,0,0,38.866666666667,381.93,0.02164027391397405,-0.00010472026598951079,0.1165728305980064
2021-09-09,0,0,0,0,34.466666666667,381.01,0.017030136401249285,-0.0025132863837474817,0.11625630245681634
2021-09-10,0,0,0,0,23.068686868687,381.23,0.019549636285836502,-0.001937324920805339,0.11208500723230516
2021-09-13,0,0,0,0,28.466666666667,378.99,0.01586833570107493,-0.0078016598162159445,0.11450620649241133
2021-09-14,0,0,0,0,24.2,377.86,0.0026801114501791012,-0.010760007330418708,0.11539789931009532
2021-09-15,0,0,0,0,27.9,375.73,-0.012562087724369841,-0.016336361494358242,0.1164709036629944
2021-09-16,0,0,0,0,31.333333333333,376.68,-0.011442368255301316,-0.013849255177108222,0.11557862122793039
2021-09-17,0,0,0,0,22.933333333333,377.82,-0.010864727596408219,-0.010864727596408219,0.10077482825553895
2021-09-20,1,1,0,0,12.291749174918,367.46,-0.03101102262538913,-0.03798727648768241,0.13869100679879137
2021-09-21,1,1,0,0,13.829411764706,367.58,-0.0369419408928946,-0.03767311568971399,0.1336978979750413
2021-09-22,0,0,0,0,20.4,367.09,-0.03885528761815005,-0.03895593894808502,0.12336981096571194
2021-09-23,0,0,0,0,23.533333333333,370.76,-0.02690218104511688,-0.0293478545435506,0.1289562400143713
2021-09-24,0,0,0,0,24.766666666667,370.65,-0.027752275529208226,-0.029635835275021782,0.12884957982716616
2021-09-27,0,0,0,0,25.3,370.2,-0.023193224095622633,-0.030813938267403307,0.1287009376277916
2021-09-28,0,0,0,0,15.33139158576,365.67,-0.03226062562853971,-0.04267350839071138,0.1290197717057463
2021-09-29,0,0,0,0,15.532692307692,361.17,-0.03875123093710908,-0.05445453831452729,0.1273650034687067
2021-09-30,1,1,0,0,12.950793650794,360.97,-0.041706488265902064,-0.05497813964447473,0.1267468315939341
2021-10-01,1,0,0,1,18.466666666667,358.6,-0.05087078502990838,-0.06118281540435111,0.1259584683489128
2021-10-04,1,1,0,0,12.764150943396,358.52,-0.024329178686115505,-0.06139225593633024,0.12539584589934574
2021-10-05,0,0,0,0,18.7,353.71,-0.03773328255073727,-0.07398486792156467,0.1258042887796946
2021-10-06,0,0,0,0,19.5,354.08,-0.03544090005175837,-0.07301620546116194,0.1259941492310754
2021-10-07,0,0,0,0,23.766666666667,362.8,-0.02146941417628645,-0.05018718747545625,0.16138494870845047
2021-10-08,0,0,0,0,25.533333333333,364.08,-0.01772561715904486,-0.04683613896379313,0.16244254166118952
2021-10-11,0,0,0,0,24.133333333333,359.58,-0.028687196110210755,-0.05861716888760904,0.1659552623963999
2021-10-12,0,0,0,0,24.6,359.88,-0.01583394864221843,-0.057831766892687986,0.16638293345214136
2021-10-13,0,0,0,0,24.533333333333,359.51,-0.004596173547083193,-0.0588004293530906,0.16599105554534413
2021-10-14,0,0,0,0,29.766666666667,363.69,0.007535252237028001,-0.04785716155719044,0.17241145001424418
2021-10-15,0,0,0,0,41.066666666667,367.88,0.025878416062464993,-0.03688771369479282,0.17804258822806926
2021-10-18,0,0,0,0,46.8,367.61,0.025354234073412973,-0.03759457549022183,0.1488702968218852
2021-10-19,0,0,0,0,53.6,373.75,0.056656583076531764,-0.021520014660837306,0.16017564577125581
2021-10-20,0,0,0,0,57.3,375.94,0.061737460460912885,-0.01578658009791356,0.16089030229906395
2021-10-21,0,0,0,0,60.333333333333,374.16,0.03131201764057345,-0.02044663193444507,0.15873935684020202
2021-10-22,0,0,0,0,59.466666666667,375.98,0.03268512414853886,-0.01568185983192405,0.15944966643865127
2021-10-25,0,0,0,0,62.8,375.56,0.04444073641470614,-0.016781422624813525,0.15943409401915415
2021-10-26,0,0,0,0,63.2,380.23,0.05654662665332899,-0.00455533157054222,0.15677578532435055
2021-10-27,0,0,0,0,58.3,379.58,0.05582598536897443,-0.006257035892871299,0.14822982215546246
2021-10-28,0,0,0,0,64.566666666667,381.95,0.050207594379829024,-5.2360132994810904e-05,0.14831795131854109
2021-10-29,0,0,0,0,65.566666666667,381.06,0.03582690007611178,-0.002382386051260621,0.14547899624904576
2021-11-01,0,0,0,0,66.4,386.56,0.05154919615897269,0.0,0.1502861072096439
2021-11-02,0,0,0,0,68.5,386.8,0.03491638795986618,0.0,0.1365747538140131
2021-11-03,0,0,0,0,72.6,389.55,0.036202585518965824,0.0,0.1362267709414329
2021-11-04,0,0,0,0,72.733333333333,394.48,0.05430831729741281,0.0,0.11863143895329571
2021-11-05,0,0,0,0,73.733333333333,400.04,0.06399276557263689,0.0,0.12363644382901293
2021-11-08,0,0,0,0,74.5,398.57,0.06126850569815745,-0.0036746325367463806,0.11088126545061912
2021-11-09,0,0,0,0,77.457142857143,399.16,0.0497856560502854,-0.0021997800219978325,0.11056846131349352
2021-11-10,0,0,0,0,73.628571428571,392.47,0.03395858580536393,-0.01892310768923111,0.13397608765005795
2021-11-11,0,0,0,0,72.857142857143,392.57,0.02780468647728762,-0.01867313268673143,0.1319388348907514
2021-11-12,0,0,0,0,74.314285714286,391.77,0.028105810108644214,-0.02067293270672943,0.13026576713769078
2021-11-15,0,0,0,0,72.514285714286,395.91,0.024187706953642474,-0.010323967603239614,0.13192529310106826
2021-11-16,0,0,0,0,72.971428571429,393.86,0.01825232678386768,-0.015448455154484564,0.1261650243736901
2021-11-17,0,0,0,0,71.142857142857,397.75,0.021049929405724477,-0.005724427557244338,0.1283063968965293
2021-11-18,0,0,0,0,68.371428571429,399.73,0.013308659501115372,-0.0007749225077492428,0.12528289958763203
2021-11-19,0,0,0,0,63.914285714286,403.43,0.008474152584741601,0.0,0.1269503744442251
2021-11-22,0,0,0,0,59.714285714286,405.57,0.017562786963394084,0.0,0.1258542598084862
2021-11-23,0,0,0,0,59.0,398.11,-0.0026305241006112645,-0.018393865423971145,0.14428924144152036
2021-11-24,0,0,0,0,59.114285714286,394.93,0.0062679950059876255,-0.026234682052419966,0.14829146752600147
2021-11-26,0,0,0,0,33.021361815754,396.11,0.00901750006368296,-0.02332519663683208,0.14751145157866358
2021-11-29,0,0,0,0,38.657142857143,395.89,0.01051637440334896,-0.023867643070246802,0.14697590999623847
2021-11-30,0,0,0,0,27.056084656085,398.78,0.007249122275264419,-0.016741869467662873,0.1410008070663993
2021-12-01,0,0,0,0,26.05871559633,398.28,0.011222261717361404,-0.01797470227087805,0.14132922172200124
2021-12-02,0,0,0,0,25.322077922078,385.8,-0.030043997485857954,-0.04874620903913007,0.18132005822078998
2021-12-03,0,0,0,0,20.993822393822,391.31,-0.021064218347384478,-0.03516039154769823,0.18296022513399132
2021-12-06,0,0,0,0,24.373469387755,383.63,-0.04907914632030341,-0.05409670340508421,0.18679031281228198
2021-12-07,0,0,0,0,36.828571428571,393.03,-0.030919446704637976,-0.030919446704637976,0.20895488630153136
2021-12-08,0,0,0,0,41.542857142857,398.17,0.0001507121147421575,-0.0182459254875853,0.21448093121092765
2021-12-09,0,0,0,0,37.514285714286,398.35,0.008659762489555245,-0.01780210567842777,0.20518168629516323
2021-12-10,0,0,0,0,42.914285714286,396.62,0.0012875211431166989,-0.022067707177552576,0.20599817802940837
2021-12-13,0,0,0,0,35.971428571429,398.0,0.005329763318093539,-0.018665088640678507,0.20599430793902757
2021-12-14,0,0,0,0,32.028571428571,387.3,-0.028787802798535433,-0.04504771062948443,0.22466092884394484
2021-12-15,0,0,0,0,37.2,387.94,-0.025961635030631647,-0.04346968464136891,0.22428539507401854
2021-12-16,0,0,0,0,34.0,398.04,0.03172628304821146,-0.018566462016421315,0.2410612917918584
2021-12-17,0,0,0,0,32.342857142857,383.33,-0.020393038767217875,-0.05483640308701332,0.2736655327073301
2021-12-20,0,0,0,0,29.685714285714,379.565,-0.010596147329458017,-0.06411963409522403,0.2716755304459063
2021-12-21,0,0,0,0,34.628571428571,384.05,-0.02284812864157948,-0.05306112385038342,0.27524486725584774
2021-12-22,0,0,0,0,39.742857142857,388.91,-0.023256398020945812,-0.04107798900313131,0.2736434498049977
2021-12-23,0,0,0,0,43.857142857143,394.31,-0.010141835069662375,-0.027763394728406943,0.27725374837946265
2021-12-27,0,0,0,0,59.4,398.25,0.004109727194796076,-0.018048672239070918,0.27933921193828065
2021-12-28,0,0,0,0,59.028571428571,404.4,0.016080402010050232,-0.002884828759523672,0.2843276725265351
2021-12-29,0,0,0,0,63.857142857143,401.75,0.03730957913761945,-0.009418842616564338,0.28464912032333484
2021-12-30,0,0,0,0,64.857142857143,401.33,0.034515646749497364,-0.010454422171265132,0.28463280878518815
2021-12-31,0,0,0,0,61.942857142857,399.66,0.004069942719324704,-0.014572083734003871,0.2595135317349004
2022-01-03,0,0,0,0,65.885714285714,399.05,0.0410090522526283,-0.01607613975392652,0.25554123418084146
2022-01-04,0,0,0,0,66.4,402.24,0.05973943856783426,-0.008210666469413375,0.24438797884723248
2022-01-05,0,0,0,0,52.285714285714,394.74,0.027834917328472875,-0.026703158517641823,0.24079596787499674
2022-01-06,0,0,0,0,50.485714285714,382.42,-0.016687665526728623,-0.057080158788864965,0.2602258113670373
2022-01-07,0,0,0,0,51.2,384.03,-0.02607085795440145,-0.05311043716251207,0.2610145631844409
2022-01-10,1,0,0,1,47.771428571429,374.82,-0.058832391713747656,-0.07581921739773656,0.27270098819037764
2022-01-11,1,0,0,1,55.285714285714,379.355,-0.06193125618199791,-0.06463742387257432,0.2769668658762282
2022-01-12,0,0,0,0,59.228571428571,388.46,-0.033080273802115756,-0.04218753852602508,0.2758352606821395
2022-01-13,0,0,0,0,50.342857142857,388.77,-0.03129594099618771,-0.04142318218803165,0.2757961204835682
2022-01-14,1,0,0,1,52.885714285714,375.07,-0.061527298203473024,-0.07520280099612886,0.2854161805972098
2022-01-18,1,0,0,1,51.342857142857,374.04,-0.06267385039468731,-0.0777424365707522,0.2553904980906167
2022-01-19,1,0,1,1,48.685714285714,372.15,-0.07480608591885451,-0.08240254456690588,0.253786888368661
2022-01-20,1,0,1,1,40.342857142857,369.79,-0.06320616101737853,-0.08822151539808165,0.24990955885539026
2022-01-21,1,0,1,1,29.48051948052,359.47,-0.06001255164478847,-0.11366718445644397,0.2601224569678394
2022-01-24,1,0,1,1,25.881595881596,345.905,-0.09927609822149308,-0.14711393840767317,0.2775314967266366
2022-01-25,1,0,1,1,22.473359073359,346.67,-0.07510271597033236,-0.14522770421875375,0.2727771067982803
2022-01-26,1,0,1,1,21.187644787645,352.91,-0.06971042954488538,-0.12984195083462768,0.2756746375277909
2022-01-27,1,0,1,1,20.438775510204,349.4,-0.10055089327086442,-0.1384964371131987,0.27592311882399606
2022-01-28,1,0,1,1,23.828571428571,343.03,-0.11765311109396304,-0.15420272702616078,0.2778964843021678
2022-01-31,1,0,1,1,30.228571428571,353.2,-0.05830911563174879,-0.12912690780876301,0.3078571210092638
2022-02-01,1,0,1,0,30.885714285714,364.43,-0.025692439311303605,-0.10143748304854894,0.33571222009889223
2022-02-02,1,0,1,0,27.714285714286,369.76,-0.006422141609566001,-0.08829548536627463,0.3397380812434945
2022-02-03,1,0,1,0,26.314285714286,358.53,-0.030449714702939668,-0.1159849101264887,0.34887674361199006
2022-02-04,1,0,1,0,27.8,354.08,-0.01499429715970746,-0.12695712207510423,0.33598011029425695
2022-02-07,1,0,1,0,27.971428571429,358.62,0.03675864760555658,-0.11576300022190988,0.3400115703211364
2022-02-08,1,0,1,0,29.657142857143,353.96,0.021028643955346427,-0.1272530019478758,0.33327328949965923
2022-02-09,1,0,1,0,32.971428571429,363.76,0.03074438242044697,-0.10308947900485732,0.3467428393019566
2022-02-10,1,0,1,0,32.171428571429,359.52,0.028963938179736637,-0.11354390117612256,0.3343362342481609
2022-02-11,1,0,1,0,29.2,358.43,0.04489403259190161,-0.11623147668713163,0.3339362303348983
2022-02-14,1,0,1,0,25.142857142857,346.49,-0.018997734994337434,-0.14567152402791128,0.33159472613282537
2022-02-15,1,0,1,0,28.742857142857,352.91,-0.03161100897291658,-0.12984195083462768,0.3409151820377019
2022-02-16,1,0,1,0,30.514285714286,353.82,-0.04310904370402424,-0.12759819513277615,0.3412878240573912
2022-02-17,1,0,1,0,29.714285714286,352.74,-0.016149276211195662,-0.1277448071216617,0.34097106118468545
2022-02-18,1,0,1,0,30.428571428571,346.41,-0.02166177135110703,-0.14339762611275952,0.3327185534324778
2022-02-22,1,0,1,1,28.057142857143,338.49,-0.056131838715074434,-0.1629821958456973,0.31503620776888275
2022-02-23,1,0,1,0,21.117520215633,341.32,-0.03571024974573389,-0.15598417408506426,0.3165929741189104
2022-02-24,1,0,1,1,22.417789757412,318.84,-0.12348801407521448,-0.21157270029673592,0.3840492006923796
2022-02-25,1,0,1,1,32.342857142857,341.31,-0.05065086782376493,-0.15600890207715123,0.4668685372477697
2022-02-28,1,0,1,0,30.040816326531,342.51,-0.044415925006277446,-0.15304154302670625,0.4624358578278541
2022-03-01,1,0,1,0,24.882993197279,345.75,-0.0021357037721146943,-0.14502967359050445,0.4508663386879081
2022-03-02,1,0,1,0,21.429931972789,343.08,-0.027854127114561922,-0.15163204747774484,0.43464030138171317
2022-03-03,1,0,1,0,22.819047619048,349.93,-0.010994290882369473,-0.13469337289812056,0.43785859441001485
2022-03-04,1,0,1,0,21.027210884354,339.84,-0.03657084538186772,-0.15964391691394664,0.43658832137539855
2022-03-07,1,0,1,0,17.949659863946,337.29,-0.026327184550099636,-0.16594955489614238,0.4354288448251918
2022-03-08,1,0,1,0,18.193197278912,324.05,-0.04266004904133058,-0.19868941641938664,0.4507747835708812
2022-03-09,1,0,1,0,21.236734693878,331.75,-0.028038204617367835,-0.179648862512364,0.4605511414035548
2022-03-10,1,0,1,0,20.11156462585,330.82,0.03757370467946308,-0.1819485657764589,0.4462454869939669
2022-03-11,1,0,1,0,19.900680272109,334.32,-0.020479915619231792,-0.173293768545994,0.44839854475455365
2022-03-14,1,0,1,1,20.518367346939,323.13,-0.05658228956818778,-0.20096439169139457,0.4610435428605633
2022-03-15,1,0,1,1,23.771428571429,320.88,-0.07193058568329724,-0.2065281899109792,0.4487312449081557
2022-03-16,1,0,1,0,25.4,332.17,-0.031800163227235556,-0.17861028684470814,0.4632135811903378
2022-03-17,1,0,1,0,29.171428571429,338.37,-0.03303517846426429,-0.16327893175074182,0.46909018164324556
2022-03-18,1,0,1,0,37.971428571429,342.74,0.008533427495291956,-0.15247279920870416,0.4719470800168883
2022-03-21,1,0,1,0,40.771428571429,350.2,0.03827566782294167,-0.13402571711177047,0.4741010279284957
2022-03-22,1,0,1,0,44.571428571429,350.59,0.0819009412127758,-0.13306132542037585,0.4656801898157068
2022-03-23,1,0,1,0,45.514285714286,354.01,0.06709871891484553,-0.12460435212660725,0.46595235841714466
2022-03-24,1,0,1,0,47.542857142857,353.8,0.06946375672571192,-0.12042561654733497,0.39100523672397136
2022-03-25,1,0,1,0,49.342857142857,359.59,0.07558626465661633,-0.10603122513922048,0.31067293702607574
2022-03-28,1,0,1,0,51.2,359.34,0.11206016154488907,-0.10665274463007168,0.3109028842052733
2022-03-29,1,0,1,0,53.342857142857,368.9,0.1496509598603839,-0.08288583929992055,0.32170008842507797
2022-03-30,1,0,1,0,52.828571428571,369.275,0.11170484992624252,-0.08195356006364363,0.3191633132174916
2022-03-31,0,0,0,0,58.971428571429,367.24,0.08532080267163167,-0.06966610933779194,0.31491510690109437
2022-04-01,0,0,0,0,59.685714285714,362.81,0.05855750714827557,-0.06677469969390637,0.2978739041573478
2022-04-04,0,0,0,0,61.8,362.71,0.0357224443175328,-0.06703192118733448,0.29544585869957984
2022-04-05,0,0,0,0,48.542857142857,367.81,0.04911720243018913,-0.05391362502250685,0.24941431570401532
2022-04-06,1,0,1,0,46.628571428571,355.65,0.004632637496115866,-0.0851917586233506,0.27717744098113833
2022-04-07,1,0,1,0,46.771428571429,352.24,-0.004409270774448859,-0.09396301154924502,0.28029465213068855
2022-04-08,1,0,1,0,46.457142857143,352.32,-0.020217469896270712,-0.09375723435450267,0.2791302489475638
2022-04-11,1,0,1,0,44.057142857143,344.81,-0.0404352423888239,-0.08067827338896738,0.2609392835437466
2022-04-12,1,0,0,1,43.457142857143,345.76,-0.06272702629438864,-0.07560688696396112,0.2580946727569073
2022-04-13,1,0,1,1,43.314285714286,339.8,-0.07981856340125915,-0.08692731425500466,0.24018432670629078
2022-04-14,1,0,0,1,41.057142857143,346.44,-0.056638710380132906,-0.06314394656426625,0.24104533654937538
2022-04-18,1,0,1,1,39.228571428571,337.35,-0.07017447148645295,-0.08765144958892246,0.255624277775891
2022-04-19,1,0,1,1,42.485714285714,338.03,-0.06804334040969373,-0.08581241886629165,0.24187861382125425
2022-04-20,1,0,0,1,41.028571428571,347.09,-0.0563334330224845,-0.06131003894418008,0.2621212717551816
2022-04-21,0,0,0,0,40.885714285714,345.19,-0.029410937719668184,-0.06644850713976636,0.25988248120055646
2022-04-22,1,0,1,1,32.742857142857,334.31,-0.05090279354985239,-0.09587299870186061,0.281329921688051
2022-04-25,1,0,1,1,30.428571428571,323.73,-0.08114782016348765,-0.12448615318044132,0.28971854072618014
2022-04-26,1,0,1,1,20.582706766917,327.47,-0.05028856471680043,-0.11437148420597132,0.2953839082805867
2022-04-27,1,0,1,1,19.457894736842,317.24,-0.08248496066635813,-0.14203807875378616,0.28589103725781445
2022-04-28,1,0,1,1,23.257142857143,321.85,-0.052825191288993545,-0.12957053223712667,0.295022278806706
2022-04-29,1,0,1,1,18.542857142857,323.7,-0.06563907170072747,-0.12341750727777401,0.2983048068966239
2022-05-02,1,0,1,1,17.771428571429,312.83,-0.0726841559211503,-0.15285356441676257,0.31338641079741547
2022-05-03,1,0,1,1,30.742857142857,318.5,-0.057775937047007564,-0.13749915374720734,0.32535436628152786
2022-05-04,1,0,1,1,22.171428571429,319.31,-0.08003687804315873,-0.13530566650869946,0.3182974860370875
2022-05-05,1,0,1,1,17.628571428571,325.17,-0.057997045105594,-0.11943673414122258,0.31444668980264656
2022-05-06,1,0,1,1,16.257142857143,310.95,-0.0698752654721666,-0.15794462121724995,0.3440499538742673
2022-05-09,1,1,1,1,10.219047619048,303.48,-0.06255212677231026,-0.17817344797237822,0.3489716210225508
2022-05-10,1,1,1,1,10.866666666667,304.51,-0.07011329282071654,-0.17538419876785594,0.3467323784022704
2022-05-11,1,1,1,1,8.0375939849624,298.44,-0.059261127222292265,-0.19182181301198287,0.34851181947042936
2022-05-12,1,1,1,1,6.8947368421053,287.45,-0.10688208792915965,-0.221582831223343,0.36271398531073323
2022-05-13,1,1,1,1,11.6,295.72,-0.08643805993203568,-0.19918759731907099,0.373358966354234
2022-05-16,1,1,1,0,14.4222466735,300.15,-0.04053319694402713,-0.18719111773068853,0.37476111548404567
2022-05-17,1,0,1,0,15.853738457986,304.45,-0.044113029827315575,-0.17554667930404166,0.38056347229467324
2022-05-18,1,1,1,1,9.7321459062857,301.54,-0.055651248003507514,-0.18342698530905144,0.3617578578164701
2022-05-19,1,1,1,1,12.416169113886,289.29,-0.1103422824983854,-0.21660009478031272,0.38110049216559655
2022-05-20,1,1,1,1,11.7857056626,293.13,-0.0573082489146165,-0.2062013404644235,0.37840280602987075
2022-05-23,1,1,1,0,13.0167966455,289.75,-0.045241861078160084,-0.21535441066955519,0.3670834346039268
2022-05-24,1,1,1,1,11.900047944429,288.125,-0.05380775672391713,-0.21975492519125306,0.3616652682546689
2022-05-25,1,1,1,0,13.760740068786,285.71,-0.04265514006165394,-0.2262947667727303,0.34951479896766835
2022-05-26,1,0,1,0,17.110986172014,290.44,0.010401809010262664,-0.21348588450341877,0.3510840245036351
2022-05-27,1,0,1,0,21.922215055457,302.54,0.023062356282970375,-0.1807189763726219,0.3868351902728811
2022-05-31,1,0,1,0,26.131382673543,309.07,0.029718474096285252,-0.16303567801773744,0.37864081392025795
2022-06-01,1,0,1,0,25.159380378657,310.47,0.01977336179996736,-0.1592444655067361,0.37288256710885614
2022-06-02,1,0,1,0,27.706138841086,304.85,0.010976984811301937,-0.17446347572946974,0.3774447045167638
2022-06-03,1,0,1,0,29.338267355143,309.03,0.06823602613294599,-0.16314399837519467,0.37446647624769364
2022-06-06,1,0,1,0,27.480091795757,310.75,0.06010984887251403,-0.15848622300453585,0.3415216004788684
2022-06-07,1,0,1,0,30.888123924271,303.81,0.0485245901639344,-0.1772798050233565,0.3399816942341443
2022-06-08,1,0,1,0,32.979575444629,309.05,0.07262472885032545,-0.16308983819646594,0.3451851639698654
2022-06-09,1,0,1,0,35.5619047619,305.91,0.07070106051590797,-0.17159298625685449,0.33902532847707434
2022-06-10,1,0,1,0,32.303729202514,293.65,0.011052196667125758,-0.20479317581748024,0.34405502193267495
2022-06-13,1,0,1,1,28.158921399886,279.75,-0.07532888213128852,-0.24243450003385003,0.3686185170099266
2022-06-14,1,0,1,1,15.913678982086,277.66,-0.10162746303426395,-0.24809423871098768,0.3630593945649856
2022-06-15,1,0,1,1,16.7708281266,279.415,-0.10002576738493252,-0.24334168302755388,0.35889438417918984
2022-06-16,1,0,1,1,20.575788869771,275.59,-0.09598163030998863,-0.2536998172093968,0.36003511125564636
2022-06-17,1,1,1,1,13.173082807414,272.18,-0.11924408633466,-0.26293412768262125,0.3352868901184921
2022-06-21,1,1,1,1,14.662124689229,278.75,-0.10297666934835081,-0.24514250897027956,0.3443048767448142
2022-06-22,1,0,1,1,19.721791929629,278.52,-0.08324281623383045,-0.24576535102565844,0.342585769518549
2022-06-23,1,0,1,1,21.9438898451,283.21,-0.08361106617052272,-0.23306478911380413,0.34845052748560906
2022-06-24,1,0,1,1,22.600917957543,287.74,-0.05939655454218562,-0.22079750863177838,0.35198358668810414
2022-06-27,1,0,1,0,27.773838209986,296.0,0.00800272433168736,-0.1952366711073652,0.361799922788224
2022-06-28,1,0,1,0,29.001835915086,293.0,0.047363717605004574,-0.20339305619749326,0.330312953462591
2022-06-29,1,0,1,0,26.200688468157,283.4,0.020672765252466974,-0.22949348848590312,0.3364501922039577
2022-06-30,1,0,1,0,24.884681583486,280.75,0.0047778394144908365,-0.23669829531551612,0.33532821411808417
2022-07-01,1,0,1,0,22.998623063686,278.95,0.01219202438404876,-0.21566146492337968,0.3317281452788599
2022-07-05,1,0,1,0,24.600229489386,278.31,0.022521860533470495,-0.21006471389645776,0.32505095846659565
2022-07-06,1,0,1,0,23.569707401043,287.35,0.03085201793721981,-0.18440622161671205,0.34977816307610093
2022-07-07,1,0,1,0,24.397819850829,289.63,0.03988941548183256,-0.16554784061770722,0.34482938027142856
2022-07-08,1,0,1,0,28.027997705114,292.08,0.03131951555382928,-0.1584891526693365,0.3396406525390804
2022-07-11,1,0,1,0,30.084566838786,292.88,0.017863348856606676,-0.15618427497190923,0.33891832773982367
2022-07-12,1,0,1,0,27.312105565114,290.32,-0.019189189189189215,-0.16355988360367624,0.30911225280559845
2022-07-13,1,0,1,0,26.341594951229,280.6,-0.04232081911262786,-0.19156414762741636,0.28410434085163344
2022-07-14,1,0,1,0,24.315892139986,282.99,-0.001446718419195414,-0.18467832550635277,0.28396968323812694
2022-07-15,1,0,1,0,23.974067699371,289.73,0.031985752448797866,-0.1652597309055287,0.2948175771684602
2022-07-18,1,0,1,0,26.920137693629,294.72,0.056533428929915974,-0.1462093339899765,0.29344576052286364
2022-07-19,1,0,1,0,29.901893287443,293.11,0.05317811073982259,-0.12323890999371834,0.28947879420105294
2022-07-20,1,0,1,0,35.738152610443,298.73,0.039603271271968055,-0.08776376461965985,0.28537549155732006
2022-07-21,0,0,0,0,39.426161790014,303.5,0.04788868556434078,-0.07319754481326546,0.2881176299727899
2022-07-22,0,0,0,0,41.827768215729,306.43,0.04913037523966035,-0.057631392809914805,0.2851368723597684
2022-07-25,0,0,0,0,38.598623063686,302.02,0.031207320404261107,-0.07119352953839542,0.2887046168738905
2022-07-26,1,0,1,0,38.373034997129,298.53,0.02827914025902456,-0.08192637697204552,0.2754531335616359
2022-07-27,1,0,1,0,35.486517498571,299.04,0.06571632216678536,-0.08035796660208505,0.27254165052170115
2022-07-28,0,0,0,0,38.231899024671,306.59,0.08339517297430987,-0.05713934249777053,0.2539222517098874
2022-07-29,0,0,0,0,39.061732644857,311.385,0.07474200117350627,-0.04239320970569249,0.2519013539481101
2022-08-01,0,0,0,0,41.576018359143,313.65,0.06423045602605848,-0.035427622474398124,0.24810992009557
2022-08-02,0,0,0,0,40.090189328743,312.92,0.06758554808774853,-0.0023274350390561915,0.24812462336535468
2022-08-03,0,0,0,0,40.8908777969,316.05,0.05797877682187935,0.0,0.22833821807273438
2022-08-04,0,0,0,0,44.3205966724,322.97,0.06415156507413511,0.0,0.23606990751781565
2022-08-05,0,0,0,0,47.491566265057,319.19,0.04164083151127507,-0.011703873424776412,0.24352652973270905
2022-08-08,0,0,0,0,49.577739529543,322.69,0.06843917621349593,-0.0008669535870206024,0.24445960120755034
2022-08-09,0,0,0,0,49.921744119343,318.77,0.06779888118447053,-0.01300430380530715,0.2472772069152342
2022-08-10,0,0,0,0,48.892713711986,324.59,0.08544007490636685,0.0,0.20575776162696538
2022-08-11,0,0,0,0,51.751692484214,328.305,0.0708274894810661,0.0,0.20623287684976663
2022-08-12,0,0,0,0,52.895123350543,326.175,0.04749747097644397,-0.0064878695115822005,0.20251952420908437
2022-08-15,0,0,0,0,54.952839931143,329.42,0.05027897337796916,0.0,0.19879373392565874
2022-08-16,0,0,0,0,54.866551921971,332.055,0.06114981464911162,0.0,0.19450498915597933
2022-08-17,0,0,0,0,56.6676993689,329.07,0.04119601328903655,-0.008989474635226147,0.1955240395036612
2022-08-18,0,0,0,0,55.351348250143,328.44,0.016936557575006894,-0.010886750688891889,0.1924016211132777
2022-08-19,0,0,0,0,54.466896156043,326.17,0.021867853002913717,-0.017722967580671822,0.19494337486841962
2022-08-22,0,0,0,0,51.236947791171,318.5,-0.012984598221203014,-0.04082155064673021,0.20810754289099956
2022-08-23,0,0,0,0,46.120940906486,314.12,-0.01458732001129337,-0.054012136543644895,0.21024397255617713
2022-08-24,0,0,0,0,45.093402180157,313.61,-0.03382728981176242,-0.05554802668232672,0.2107700572293047
2022-08-25,0,0,0,0,46.493975903614,316.83,-0.03495225476310149,-0.04585083796359046,0.19544454772523684
2022-08-26,0,0,0,0,48.666896156057,320.28,-0.018073120257530606,-0.03546099290780147,0.19164630669972102
2022-08-29,1,0,1,1,44.207458405057,304.62,-0.07528383218990953,-0.0826218548132086,0.26047154506167675
2022-08-30,1,0,0,1,54.114285714286,306.1,-0.0781647618617397,-0.0781647618617397,0.26135400304518747
2022-08-31,1,0,1,1,49.114285714286,303.99,-0.07621478712735885,-0.08451913086687446,0.2588142533186893
2022-09-01,1,0,1,1,48.171428571429,296.72,-0.09657776153939823,-0.1064130942163195,0.25419365546350325
2022-09-02,1,0,1,1,45.485714285714,302.34,-0.07306006070454074,-0.08948818719790408,0.26508582586523805
2022-09-06,1,0,1,1,42.857142857143,295.66,-0.07171114599686024,-0.10960533646534454,0.26864199322647797
2022-09-07,1,0,1,1,41.171428571429,293.54,-0.06551636317330956,-0.11598982096339461,0.26727292981602546
2022-09-08,1,0,1,1,40.457142857143,296.85,-0.05344217340008284,-0.10602159280842027,0.26063591666029046
2022-09-09,1,0,1,0,41.742857142857,302.83,-0.044187734747340834,-0.08801252804505288,0.2693035743919444
2022-09-12,0,0,0,0,44.942857142857,308.5,-0.03678031722243025,-0.07093704356206054,0.28070798959921883
2022-09-13,1,0,1,0,48.657142857143,301.8,-0.009257435493401633,-0.09111442381533175,0.2843673286200935
2022-09-14,1,0,1,0,39.720879120879,294.865,-0.03670369160405096,-0.1119995181521134,0.2879579384656546
2022-09-15,1,0,1,0,41.714285714286,294.07,-0.032632652389881334,-0.11439369983888215,0.2878893496195383
2022-09-16,1,0,1,0,40.228571428571,287.72,-0.03033162577514159,-0.13351703784011681,0.29311226609519064
2022-09-19,1,0,1,1,35.857142857143,286.1,-0.053714361315075565,-0.13839574769240026,0.29311979223210394
2022-09-20,1,0,1,0,37.171428571429,288.49,-0.02425082865453565,-0.13119814488563641,0.29020867702253833
2022-09-21,1,0,1,0,36.657142857143,289.59,-0.013456428425427713,-0.12788544066495022,0.2896998522638107
2022-09-22,1,0,1,1,30.837229437229,282.0,-0.05002526528549778,-0.15074309978768574,0.30009924271234045
2022-09-23,1,0,1,1,31.108403361345,277.55,-0.08347917973780661,-0.16414449413500776,0.29660076702312393
2022-09-26,1,0,1,1,24.433954451346,275.03,-0.10849270664505684,-0.17173359834967106,0.28952207371475813
2022-09-27,1,0,1,1,19.061224489796,277.81,-0.07948972829688539,-0.16336149131920918,0.250570987316637
2022-09-28,1,0,1,1,18.02092555332,274.46,-0.06920115985281405,-0.1734501814458449,0.24940423594078173
2022-09-29,1,0,1,1,19.150793650794,275.86,-0.06192403169313421,-0.16923401243769853,0.2520228086878906
2022-09-30,1,0,1,1,16.21409001957,271.03,-0.05800778534686524,-0.18377979551580326,0.24651809165522892
2022-10-03,1,1,1,1,14.723552123552,269.07,-0.05952464173365968,-0.18968243212720792,0.2306422059021404
2022-10-04,1,0,1,0,24.514285714286,278.99,-0.032930084231689194,-0.15980786315520024,0.26716384861043757
2022-10-05,1,0,1,0,29.142857142857,278.28,-0.03905521599502748,-0.16194606315218874,0.26665590831912994
2022-10-06,1,0,1,0,29.714285714286,280.96,-0.0036879432624113972,-0.15387511105088025,0.26558756287158114
2022-10-07,1,0,1,0,26.98947368421,275.02,-0.00911547468924534,-0.17176371384258637,0.2590154872053138
2022-10-10,1,0,1,0,24.939517625232,269.3,-0.020834090826455154,-0.1889897757901552,0.24947122666461602
2022-10-11,1,0,1,0,20.432967032967,264.7,-0.04719052589899575,-0.20284290253120718,0.24628053294276628
2022-10-12,1,0,1,0,19.703074141049,263.4,-0.040297311083582366,-0.20675791661020015,0.23839582889291255
2022-10-13,1,0,1,1,19.453571428571,255.16,-0.07503806278547098,-0.23157308277243227,0.25492841181262077
2022-10-14,1,0,1,0,23.257495590829,271.2,0.0006272368372506332,-0.18326783213624254,0.3493619191886877
2022-10-17,1,0,1,0,21.795121951219,266.84,-0.008287806147099341,-0.1963981870473266,0.35246771798065446
2022-10-18,1,0,1,0,30.991394148021,276.53,-0.008817520341230956,-0.16721627441237152,0.3777418828113273
2022-10-19,1,0,1,0,33.960544217687,269.93,-0.030005749604714582,-0.18709249973648945,0.38494748183295896
2022-10-20,1,0,1,0,35.818367346939,269.58,-0.040503986332574016,-0.1881465419885261,0.37526233013961097
2022-10-21,1,0,1,0,40.114285714286,267.98,-0.025598138317213137,-0.1929650208549788,0.3720771935383218
2022-10-24,1,0,1,0,45.342857142857,275.69,0.023728184181210477,-0.16974597581725925,0.38584882061113046
2022-10-25,1,0,1,0,49.914285714286,279.41,0.05557234605213468,-0.15854301245275626,0.3871639106162614
2022-10-26,1,0,1,0,52.971428571429,278.46,0.05717539863325749,-0.1614039842797128,0.3846311089164649
2022-10-27,1,0,1,0,57.285714285714,276.79,0.08477034017871143,-0.16643327159657284,0.3850781646639781
2022-10-28,1,0,1,0,56.6,272.23,0.003797935103244887,-0.18016593636596345,0.3844556361362938
2022-10-31,1,0,1,0,64.05714,278.92,0.045270574126817786,-0.16001867160560745,0.3924715851532722
2022-11-01,1,0,1,0,63.51429,281.495,0.01795465229812332,-0.15226393217990997,0.3716972837659586
2022-11-02,1,0,1,0,55.28571,275.08,0.019079020486792775,-0.17158302088509436,0.3808766908815567
2022-11-03,1,0,1,0,55.51429,263.01,-0.02437124415757841,-0.20793242083389807,0.40869966288108234
2022-11-04,1,0,1,0,56.51429,265.53,-0.00914247331890461,-0.20034331661923488,0.4051305377731999
2022-11-07,1,0,1,0,59.65714,265.75,-0.036054989299575624,-0.19968077577509746,0.3986515293671039
2022-11-08,1,0,1,0,57.94286,269.14,-0.03675602161697877,-0.1894716236768006,0.39612027399358146
2022-11-09,1,0,1,0,54.0,267.76,-0.03842562666092075,-0.18631294253502295,0.3961647171938532
2022-11-10,1,0,1,0,60.34286,276.01,-0.002818020882257466,-0.15963341858482527,0.3900835553096514
2022-11-11,1,0,1,0,63.74286,282.56,0.03794585460823563,-0.1337032835637858,0.3325455728573005
2022-11-14,1,0,1,0,62.68571,285.86,0.02488168650509115,-0.10746846509304342,0.3267888010171693
2022-11-15,1,0,1,0,66.91429,292.21,0.038064619264995825,-0.08764206319470458,0.31157495892286374
2022-11-16,1,0,1,0,65.08571,287.39,0.044750618002035836,-0.10269139502934932,0.30417158769958014
2022-11-17,1,0,1,0,61.48571,280.88,0.067944184631763,-0.12301735981016604,0.3176137552826916
2022-11-18,1,0,1,0,60.34286,287.89,0.08420894060934736,-0.10113026102160605,0.3258817643104058
2022-11-21,1,0,1,0,60.97143,283.4,0.06641580432737526,-0.0813614262560779,0.31875125536108334
2022-11-22,1,0,1,0,60.8,282.64,0.050159768150404904,-0.08382495948136148,0.31588616350424353
2022-11-23,0,0,0,0,64.25714,285.97,0.0680086644756499,-0.073030794165316,0.31782292070766854
2022-11-25,0,0,0,0,63.08571,287.19,0.040505778776131374,-0.06907617504051866,0.3166880650137007
2022-11-28,0,0,0,0,59.74286,284.9,0.008281426953567372,-0.07649918962722857,0.3114929072940388
2022-11-29,1,0,1,0,58.17143,282.94,-0.010214790456867018,-0.08285251215559153,0.3017331831717995
2022-11-30,1,0,1,0,73.97143,280.84,-0.038910372677184224,-0.08965964343598065,0.3014159790249432
2022-12-01,0,0,0,0,75.6,293.69,0.021921430808309328,-0.048006482982171805,0.32941483556178275
2022-12-02,0,0,0,0,68.14286,288.54,0.02727143264027343,-0.0647001620745542,0.2901088719455252
2022-12-05,0,0,0,0,65.08571,290.38,0.008649136823092096,-0.058735818476499224,0.28963098103544926
2022-12-06,0,0,0,0,61.82857,287.48,0.014396612561750288,-0.047448641484426735,0.29402954899355305
2022-12-07,0,0,0,0,58.42857,280.47,-0.0076776110953862275,-0.04881895104539358,0.30871481069408413
2022-12-08,0,0,0,0,55.68571,281.91,-0.014197293422386958,-0.04135069881320763,0.30761286427690243
2022-12-09,0,0,0,0,52.08571,282.81,-0.015251227410425172,-0.03704586468725524,0.2892788686645636
2022-12-12,0,0,0,0,57.2,282.22,-0.009406809406809269,-0.03905478565834719,0.27707339748489307
2022-12-13,0,0,0,0,59.17143,296.65,0.04845550293348411,0.0,0.3294167830808123
2022-12-14,0,0,0,0,60.94286,288.05,0.02567298105682969,-0.02899039271869197,0.3378922960264665
2022-12-15,0,0,0,0,60.14286,282.33,-0.0386802410705166,-0.048272374852519784,0.34020585820442795
2022-12-16,0,0,0,0,44.14286,276.2,-0.042767034033409645,-0.06893645710433172,0.3394158581223585
2022-12-19,1,0,0,1,39.97143,273.87,-0.056856532819064665,-0.07679083094555861,0.3264845946295114
2022-12-20,1,0,1,1,38.31429,268.56,-0.06581327396688474,-0.0946907129614023,0.3288031661530498
2022-12-21,1,0,1,0,38.54286,270.6,-0.03519092951117764,-0.08781392213045658,0.3307398232457653
2022-12-22,1,0,1,0,37.0,270.38,-0.04089957787946519,-0.08855553682791162,0.3267917502799207
2022-12-23,1,0,1,1,39.51429,265.47,-0.06131324917789316,-0.10510702848474618,0.3302191036789755
2022-12-27,1,0,1,1,39.94286,266.74,-0.05485082559705201,-0.10082588909489287,0.3311443250879283
2022-12-28,1,0,1,1,35.51429,263.17,-0.11286027304904755,-0.11286027304904755,0.33293310024595796
2022-12-29,1,0,1,1,37.14286,262.96,-0.08710293351848652,-0.11356817798752739,0.33270442159980057
2022-12-30,1,0,1,1,36.51429,263.62,-0.06626996776821448,-0.1113433338951626,0.2797089079747782
2023-01-03,1,0,1,0,36.6,268.65,-0.02733526430123101,-0.09438732513062531,0.28842369112957
2023-01-04,1,0,1,0,39.85714,266.64,-0.026399386570270633,-0.10116298668464518,0.2863747555821826
2023-01-05,1,0,1,0,44.17143,264.04,-0.0168305034256776,-0.10992752401820316,0.2863116733657317
2023-01-06,1,0,1,0,45.71429,263.35,-0.026792313377679178,-0.11225349738749357,0.2760921326123886
2023-01-09,1,0,1,0,47.2,270.83,0.0016643242843406014,-0.08703859767402666,0.29676801936986674
2023-01-10,1,0,1,0,49.65714,269.49,0.015142954006102327,-0.09155570537670643,0.29634401556441187
2023-01-11,0,0,0,0,54.22857,273.92,0.026917597660643278,-0.07662228215068245,0.30368081710714967
2023-01-12,0,0,0,0,56.68571,278.12,0.05680738686020437,-0.06246418338108872,0.24199874062721005
2023-01-13,0,0,0,0,61.31429,276.5,0.05149072102220886,-0.0679251643350749,0.22230902877412156
2023-01-17,0,0,0,0,64.14286,280.77,0.06505576208178421,-0.05353109725265459,0.21989775665257055
2023-01-18,0,0,0,0,58.42857,283.11,0.05382467895030718,-0.04564301365245227,0.2063332219557156
2023-01-19,0,0,0,0,55.42857,276.22,0.03592859285928607,-0.06886903758638108,0.22332163942020872
2023-01-20,0,0,0,0,58.54286,276.79,0.04828813816088462,-0.06694758132479339,0.21057380092948413
2023-01-23,0,0,0,0,63.6,283.54,0.07666603379532932,-0.04419349401651762,0.22487100105873187
2023-01-24,0,0,0,0,63.0,287.31,0.060849979692057854,-0.03148491488285854,0.22772845346803974
2023-01-25,0,0,0,0,63.88571,283.77,0.05298897918290102,-0.043418169560087594,0.22133958897713485
2023-01-26,0,0,0,0,68.02857,291.22,0.06315712616822444,-0.01830439912354609,0.23573257186226076
2023-01-27,0,0,0,0,69.2,292.0,0.049906515173306465,-0.015675037923478796,0.22627197494698198
2023-01-30,0,0,0,0,67.45714,292.93,0.05942133815551531,-0.012540030338782926,0.22528616173588573
2023-01-31,0,0,0,0,70.34286,290.31,0.03397798910139982,-0.02137198719029154,0.2309055137694414
2023-02-01,0,0,0,0,82.17143,294.41,0.0399138144184239,-0.0075509860104499005,0.2275228077055415
2023-02-02,0,0,0,0,75.2,307.57,0.11349648830642223,0.0,0.263121351367802
2023-02-03,0,0,0,0,76.14286,304.94,0.10170165107120921,-0.008550898982345512,0.2621227936430146
2023-02-06,0,0,0,0,75.91429,303.51,0.07043097975594259,-0.01320024709822154,0.26327108085139383
2023-02-07,0,0,0,0,76.34286,303.46,0.05621106122306907,-0.013362811717657852,0.252122480005168
2023-02-08,0,0,0,0,74.62857,308.54,0.08728900165627107,0.0,0.2515871831601717
2023-02-09,0,0,0,0,72.62857,308.84,0.06050408625781167,0.0,0.24979938347930844
2023-02-10,0,0,0,0,72.48571,299.48,0.02561643835616434,-0.03030695505763492,0.27840357850458586
2023-02-13,0,0,0,0,71.82857,301.13,0.027993035878878914,-0.02496438285196212,0.2760758471329157
2023-02-14,0,0,0,0,73.25714,302.89,0.0433329888739622,-0.019265639165911064,0.2730782983346215
2023-02-15,0,0,0,0,73.65714,304.9,0.03563058320029877,-0.012757414842636927,0.2727821282369045
2023-02-16,0,0,0,0,70.71429,304.38,-0.010371622720031226,-0.014441134568061065,0.25286359543880327
2023-02-17,0,0,0,0,69.48571,301.07,-0.012691021184495277,-0.025158658204895712,0.2589438513000204
2023-02-21,0,0,0,0,65.91429,297.26,-0.02059240222727421,-0.03749514311617663,0.2542461173001389
2023-02-22,0,0,0,0,64.17143,294.62,-0.029130692677782788,-0.04604325864525316,0.25392700336654095
2023-02-23,0,0,0,0,62.65714,297.97,-0.03425811888247876,-0.03519621810646267,0.25088308830521805
2023-02-24,1,0,0,1,60.65714,291.76,-0.05530371713508608,-0.05530371713508608,0.247570704191729
2023-02-27,0,0,0,0,61.22857,295.07,-0.014725524242019561,-0.044586193498251436,0.25061067805883497
2023-02-28,0,0,0,0,61.2,293.3,-0.02600205891143359,-0.05031731640979131,0.2514926463666641
2023-03-01,0,0,0,0,65.91429,293.26,-0.03179372049258811,-0.05044683331174715,0.24918656347069917
2023-03-02,1,0,0,1,52.45714,288.66,-0.053263365037717114,-0.06534127703665316,0.2502284781124351
2023-03-03,0,0,0,0,55.68571,295.39,-0.029535449109665546,-0.04355005828260583,0.20622149500745915
2023-03-06,0,0,0,0,55.25714,300.94,-0.00043179327066789064,-0.02557958813625172,0.21713893190413125
2023-03-07,0,0,0,0,48.51429,300.07,0.009453004104151175,-0.02839658075378826,0.21678003476133648
2023-03-08,0,0,0,0,49.82857,296.77,0.007297535808838518,-0.039081725165134085,0.21995749702500075
2023-03-09,0,0,0,0,37.54286,298.33,0.0012081753196628853,-0.03403056598886156,0.21126291340567582
2023-03-10,0,0,0,0,26.88571,292.83,0.0036673978612558056,-0.05183914000777101,0.2192158029543111
2023-03-13,0,0,0,0,23.35714,286.73,-0.028264479615006555,-0.07159046755601595,0.2054612713578429
2023-03-14,0,0,0,0,25.08571,294.31,0.0034435731333106734,-0.047047014635409834,0.22793089116584148
2023-03-15,0,0,0,0,22.68571,294.71,0.004944417922662536,-0.04575184561585288,0.22668479317215787
2023-03-16,0,0,0,0,32.57143,298.0,0.0323564054597103,-0.03509908042999599,0.22933363872886955
2023-03-17,0,0,0,0,27.0,306.72,0.03835607163411092,-0.006864395803652168,0.25324759520756585
2023-03-20,0,0,0,0,30.42857,304.26,0.011032099421811603,-0.01482968527392825,0.2517449963391635
2023-03-21,0,0,0,0,43.48571,307.94,0.02622721365014824,-0.0029141302940033365,0.24972250543343635
2023-03-22,0,0,0,0,41.02857,310.27,0.04548977322505654,0.0,0.2471301933541045
2023-03-23,0,0,0,0,38.34286,309.92,0.038849596084872484,-0.0011280497631094288,0.24529363388743491
2023-03-24,0,0,0,0,37.71429,309.32,0.0563125362838508,-0.0030618493570115923,0.23060188309989962
2023-03-27,0,0,0,0,40.2,311.6,0.08673665120496632,0.0,0.22912727864164323
2023-03-28,0,0,0,0,39.6,308.17,0.04709320104651571,-0.011007702182284973,0.23235366874131755
2023-03-29,0,0,0,0,41.45714,310.88,0.05486749686132142,-0.0023106546854942955,0.23313143884915496
2023-03-30,0,0,0,0,45.22857,315.24,0.05785234899328873,0.0,0.22522740088012388
2023-03-31,0,0,0,0,49.48571,315.91,0.0299621804903496,0.0,0.21404335185408685
2023-04-03,0,0,0,0,61.48571,318.77,0.04768947610596208,0.0,0.20747899159289035
2023-04-04,0,0,0,0,50.22857,320.6,0.04111190491654226,0.0,0.20650899959709654
2023-04-05,0,0,0,0,52.62857,318.1,0.025236084700422268,-0.007797878976918304,0.20384669351155818
2023-04-06,0,0,0,0,55.25714,314.24,0.013939081053174984,-0.01983780411728009,0.21113776564116424
2023-04-10,0,0,0,0,57.91429,315.07,0.018589163326005353,-0.017248908296943366,0.19587744394755685
2023-04-11,0,0,0,0,58.48571,317.83,0.019993581514762493,-0.008640049906425529,0.1735364549964267
2023-04-12,0,0,0,0,60.74286,317.82,0.03131388519323752,-0.00867124142233322,0.15506437530970635
2023-04-13,0,0,0,0,63.17143,314.83,0.012705867215645927,-0.017997504678727516,0.16195651272876257
2023-04-14,0,0,0,0,65.71429,317.59,0.007454637736327818,-0.00938864628820979,0.16064225969534748
2023-04-17,0,0,0,0,67.08571,318.15,0.007090627077332101,-0.007641921397380069,0.12786779386424443
2023-04-18,0,0,0,0,65.48571,320.99,0.006964268908617566,0.0,0.12460507378949293
2023-04-19,0,0,0,0,67.25714,316.41,-0.013069245165315047,-0.014268357269696774,0.1331168652387153
2023-04-20,0,0,0,0,64.05714,315.69,-0.007576233888714312,-0.016511417801177597,0.1316373192187653
2023-04-21,0,0,0,0,63.51429,315.91,0.005314409368635475,-0.015826038194336256,0.13142382264513217
2023-04-24,0,0,0,0,63.48571,316.38,0.004157806201796399,-0.01436181812517523,0.1309739031838129
2023-04-25,0,0,0,0,57.05714,314.29,-0.011138029764339308,-0.020872924390167857,0.13158035843294663
2023-04-26,0,0,0,0,52.4,313.44,-0.013781385690013193,-0.023520981962054877,0.12512279190560746
2023-04-27,0,0,0,0,58.31429,315.7,0.0027633961185402622,-0.01648026418268489,0.12391443987904237
2023-04-28,0,0,0,0,59.42857,320.11,0.007934758651091167,-0.0027415184273653637,0.12383565515710883
2023-05-01,0,0,0,0,59.42857,322.09,0.012384095552412377,0.0,0.12524439908739768
2023-05-02,0,0,0,0,55.51429,322.12,0.003520358889685049,0.0,0.12158683285306686
2023-05-03,0,0,0,0,54.62857,319.75,0.010555924275465367,-0.0073575065193095535,0.12305201779108474
2023-05-04,0,0,0,0,49.6,317.06,0.004339700338940045,-0.015708431640382492,0.12358019686128527
2023-05-05,0,0,0,0,53.88571,318.47,0.008103573802665354,-0.01133118092636276,0.11601039108068464
2023-05-08,0,0,0,0,57.14286,322.42,0.01909096655920095,0.0,0.12313929224179558
2023-05-09,0,0,0,0,59.57143,322.0,0.024531483661586417,-0.0013026487190621605,0.12006848556759443
2023-05-10,0,0,0,0,59.97143,324.12,0.03407350689127098,0.0,0.12183248171066406
2023-05-11,0,0,0,0,59.05714,325.7,0.031675641431738955,0.0,0.11604545967016057
2023-05-12,0,0,0,0,57.34286,326.74,0.02071163037705781,0.0,0.11321104824178492
2023-05-15,0,0,0,0,57.25714,325.51,0.010618150206464172,-0.0037644610393585687,0.1146958003820326
2023-05-16,0,0,0,0,55.28571,326.06,0.012231466534210922,-0.002081165452653466,0.11102161287318325
2023-05-17,0,0,0,0,60.25714,328.24,0.0265519937451133,0.0,0.09735851824369196
2023-05-18,0,0,0,0,64.91429,331.52,0.045606509808868934,0.0,0.10015465345426364
2023-05-19,0,0,0,0,65.45714,337.49,0.059723050836813396,0.0,0.11398876970228311
2023-05-22,0,0,0,0,67.85714,336.25,0.042894361391973224,-0.0036741829387537672,0.11654160754285894
2023-05-23,0,0,0,0,65.8,335.89,0.04313664596273292,-0.004740881211295234,0.11201084292174988
2023-05-24,0,0,0,0,61.82857,331.37,0.02236825866962855,-0.01813387063320393,0.1254220489309107
2023-05-25,0,0,0,0,62.68571,339.14,0.04126496776174382,0.0,0.1447278121405614
2023-05-26,0,0,0,0,65.71429,340.76,0.042908734773826174,0.0,0.1396030021615157
2023-05-30,0,0,0,0,66.08571,352.71,0.08356118091610076,0.0,0.17975808474890437
2023-05-31,0,0,0,0,64.17143,348.37,0.06842298963380977,-0.012304726262368448,0.18903851495334473
2023-06-01,0,0,0,0,68.05714,347.73,0.059377284913477935,-0.014119248107510307,0.18562774605261684
2023-06-02,0,0,0,0,75.42857,353.8,0.06720559845559859,0.0,0.184900831117774
2023-06-05,0,0,0,0,69.48571,354.43,0.050194079824587456,0.0,0.18535554643969876
2023-06-06,0,0,0,0,73.51429,354.28,0.053620817843866186,-0.0004232147391587393,0.18454332442237323
2023-06-07,0,0,0,0,74.45714,355.13,0.05728065735806376,0.0,0.18338756121332442
2023-06-08,0,0,0,0,75.77143,349.12,0.05356550079971023,-0.016923380170641766,0.19896762969930742
2023-06-09,0,0,0,0,76.97143,354.63,0.04567435277466525,-0.0014079351223496017,0.20346844128569666
2023-06-12,0,0,0,0,78.05714,356.19,0.04528113628360142,0.0,0.20342320429800717
2023-06-13,0,0,0,0,79.62857,363.29,0.029996314252502154,0.0,0.20814318828188288
2023-06-14,0,0,0,0,79.62857,363.27,0.04277061744696731,-5.505243744674537e-05,0.20866789591492527
2023-06-15,0,0,0,0,80.88571,364.61,0.04854341011704477,0.0,0.20871305020669156
2023-06-16,0,0,0,0,81.25714,372.72,0.05347654041831551,0.0,0.2167045270611816
2023-06-20,0,0,0,0,80.11429,365.95,0.032502891967384206,-0.01816376904915229,0.22779030486531393
2023-06-21,0,0,0,0,80.11429,365.74,0.032347295924127994,-0.018727194676969372,0.22664023325857421
2023-06-22,0,0,0,0,80.05714,360.63,0.015487286345845286,-0.032437218287186154,0.23516735624672735
2023-06-23,0,0,0,0,75.71429,362.21,0.037494271310724026,-0.02819811118265736,0.22630091630235588
2023-06-26,0,0,0,0,73.45714,362.0,0.020782223726137028,-0.028761536810474442,0.21551053630455969
2023-06-27,0,0,0,0,75.48571,359.25,0.008590920576097005,-0.03613972955569866,0.21887630508511358
2023-06-28,0,0,0,0,76.51429,361.98,-0.003605934652756715,-0.028815196394076037,0.18399501842352858
2023-06-29,0,0,0,0,79.2,364.24,0.0026701902166432756,-0.022751663447091675,0.17738358078926264
2023-06-30,0,0,0,0,79.48571,367.55,0.008063410219138145,-0.013871002361021678,0.17824972583192453
2023-07-03,0,0,0,0,82.22857,370.07,-0.0071098948272162454,-0.0071098948272162454,0.17052174670895193
2023-07-05,0,0,0,0,79.25714,368.695,0.007501024730154349,-0.010798991199828412,0.17185685025000424
2023-07-06,0,0,0,0,77.91429,366.51,0.0021053207196368717,-0.016661300708306626,0.1739958100369284
2023-07-07,0,0,0,0,77.68571,367.23,0.018301306047749932,-0.014729555698647756,0.17398131485476523
2023-07-10,0,0,0,0,76.68571,365.96,0.010353110074266203,-0.018136939257351492,0.16090401386311914
2023-07-11,0,0,0,0,78.28571,366.79,0.013232044198895121,-0.015910066537883738,0.1529586317641143
2023-07-12,0,0,0,0,78.17143,372.34,0.036437021572720774,-0.0010195320884310854,0.16002231869900876
2023-07-13,0,0,0,0,79.4,376.05,0.038869550803911856,0.0,0.1489558500964453
2023-07-14,0,0,0,0,79.8,379.585,0.04212881616516584,0.0,0.1511845399645358
2023-07-17,0,0,0,0,80.02857,379.8,0.03332879880288386,0.0,0.15119452289522792
2023-07-18,0,0,0,0,81.68571,381.96,0.03212905666495525,0.0,0.1321406375759058
2023-07-19,0,0,0,0,82.34286,386.82,0.04915987469317451,0.0,0.11648626340968508
2023-07-20,0,0,0,0,80.85714,382.61,0.043927860085672954,-0.010883615118142731,0.1258240685259635
2023-07-21,0,0,0,0,81.02857,379.18,0.03254091441331042,-0.019750788480430104,0.11827155029208794
2023-07-24,0,0,0,0,82.51429,376.62,0.029128866542791565,-0.026368853730417197,0.12249593108748688
2023-07-25,0,0,0,0,81.22857,376.95,0.027699773712478448,-0.025515743756786113,0.12220094300754544
2023-07-26,0,0,0,0,80.6,377.72,0.01444915937046809,-0.023525153818313327,0.11677452124782434
2023-07-27,0,0,0,0,77.65714,383.07,0.018667730355006018,-0.009694431518535773,0.12272357184761254
2023-07-28,0,0,0,0,76.91429,380.74,0.003042796738543574,-0.015717904968719276,0.12597755616393727
2023-07-31,0,0,0,0,77.62857,383.79,0.010505529225908417,-0.007833100666976844,0.1252581228728254
2023-08-01,0,0,0,0,77.34286,382.31,0.0009163263168918689,-0.011659169639625655,0.12574026390421042
2023-08-02,0,0,0,0,77.34286,379.26,-0.019543973941368087,-0.019543973941368087,0.1290235297273683
2023-08-03,0,0,0,0,73.62857,371.94,-0.027887404929301418,-0.0384675042655499,0.14668341184627642
2023-08-04,0,0,0,0,64.5,375.75,-0.009045835750830733,-0.028617961842717476,0.1504680654274295
2023-08-07,0,0,0,0,72.05714,373.88,-0.00727523764006166,-0.03345225169329402,0.15118503835298197
2023-08-08,0,0,0,0,69.2,372.64,-0.011433877172038698,-0.03665787704875656,0.15191760687526865
2023-08-09,0,0,0,0,67.31429,372.29,-0.014375728052525738,-0.03756269065715312,0.1422626831562515
2023-08-10,0,0,0,0,66.34286,370.97,-0.03158691622940968,-0.040975130551677674,0.13776380528734483
2023-08-11,0,0,0,0,65.02857,365.99,-0.038740347743867254,-0.05384933560829319,0.1395048877154755
2023-08-14,0,0,0,0,66.28571,365.43,-0.047838661768154545,-0.055297037381727865,0.1392343837442179
2023-08-15,0,0,0,0,54.5,369.36,-0.033873034971619864,-0.04513727315030236,0.1439730758660352
2023-08-16,0,0,0,0,49.48571,365.87,-0.035305595106259524,-0.054159557416886384,0.13592811094813484
2023-08-17,0,0,0,0,46.14286,363.96,-0.021455073398935376,-0.05909725453699399,0.13288338629033994
2023-08-18,1,0,1,1,43.65714,355.26,-0.05453093812375254,-0.0815883356599969,0.15181168855920982
2023-08-21,0,0,0,0,43.48571,359.62,-0.038140579865197366,-0.0703169432811126,0.160684050337055
2023-08-22,0,0,0,0,43.44286,366.55,-0.016342851009016668,-0.05240163383485852,0.17779688000008195
2023-08-23,0,0,0,0,50.17143,364.58,-0.020709661822772674,-0.05749444185926278,0.17787555277369893
2023-08-24,0,0,0,0,40.58571,372.64,0.004501711728711166,-0.03665787704875656,0.18915473820195225
2023-08-25,0,0,0,0,47.02857,362.07,-0.010710675155058968,-0.06398324802233601,0.2117910431849613
2023-08-28,0,0,0,0,45.28571,366.99,0.004268943436499528,-0.05126415387001704,0.21631381472674166
2023-08-29,0,0,0,0,49.17143,366.56,-0.007580680095299996,-0.052375782017475836,0.21624237049047304
2023-08-30,0,0,0,0,50.42857,374.88,0.024626233361576544,-0.030867069955017867,0.23186933182355207
2023-08-31,0,0,0,0,52.94286,376.94,0.035663259698867966,-0.025541595574168907,0.22165406502317453
2023-09-01,0,0,0,0,55.02857,380.4,0.07076507346731975,-0.016596866759733264,0.221081548221914
2023-09-05,0,0,0,0,59.08571,376.77,0.04768922751793547,-0.025981076469675846,0.22322223403443167
2023-09-06,0,0,0,0,56.71429,377.28,0.02927295048424483,-0.02466263378315503,0.22278410206199636
2023-09-07,0,0,0,0,53.62857,370.21,0.015442426902188888,-0.04293986867276778,0.23324876816744458
2023-09-08,0,0,0,0,51.91429,372.01,-0.001690639759553414,-0.03828654154387057,0.23354757476909815
2023-09-11,0,0,0,0,52.2,375.66,0.037534178473775937,-0.028850628199162287,0.2300505830887462
2023-09-12,0,0,0,0,51.4,375.27,0.02256192266819257,-0.029858849077090133,0.2299739601473625
2023-09-13,0,0,0,0,51.4,373.03,0.017650589262330874,-0.035649656170828825,0.22863775879378037
2023-09-14,0,0,0,0,54.42857,375.99,0.0029609475032010835,-0.027997518225531204,0.22683086760807725
2023-09-15,0,0,0,0,52.02857,375.91,-0.0027325303761871478,-0.02820433276459322,0.22556704433089173
2023-09-18,0,0,0,0,49.48571,369.32,-0.029127234490010423,-0.045240680419833534,0.2169371885241097
2023-09-19,0,0,0,0,49.94286,369.32,-0.019773336518300266,-0.045240680419833534,0.21360129775695408
2023-09-20,0,0,0,0,48.28571,370.95,-0.016777989821882944,-0.04102683418644337,0.2033987046966581
2023-09-21,0,0,0,0,37.15714,360.8,-0.025418005996596493,-0.06726642882994671,0.2258118391563311
2023-09-22,0,0,0,0,33.15714,359.63,-0.033278675304427296,-0.07029109146372992,0.20961049595141562
2023-09-25,0,0,0,0,38.42857,356.93,-0.049858914976308455,-0.07727108215707557,0.18617311823644828
2023-09-26,0,0,0,0,24.22857,356.99,-0.048711594318757045,-0.07711597125277903,0.17849730469013084
2023-09-27,1,0,1,0,22.82857,355.38,-0.04731522933812293,-0.08127811385140371,0.1788534620753336
2023-09-28,1,0,1,1,29.0,354.11,-0.0581930370488577,-0.08456129465901452,0.15437334695137764
2023-09-29,0,0,0,0,28.4,361.54,-0.038227235242478286,-0.0653533943436223,0.17395750403337903
2023-10-02,0,0,0,0,28.31429,358.54,-0.029188779378316876,-0.07310893955845088,0.17004416070585726
2023-10-03,0,0,0,0,20.52857,358.78,-0.028538936423697647,-0.07248849594126472,0.16861087116173187
2023-10-04,1,0,1,0,20.98571,355.77,-0.04092195713708047,-0.08026989297347609,0.16928774476108024
2023-10-05,0,0,0,0,20.32857,359.74,-0.002937915742793784,-0.07000672147251952,0.1653509201114208
2023-10-06,1,0,1,0,27.71429,355.65,-0.011066929900175215,-0.08058011478206917,0.16724888092092632
2023-10-09,0,0,0,0,29.25714,362.3,0.015044966800212833,-0.06338865622253242,0.1783174380241877
2023-10-10,0,0,0,0,32.31429,366.9,0.02775988122916595,-0.05149682022646196,0.1855612970387495
2023-10-11,0,0,0,0,34.34286,369.94,0.040970229050593776,-0.04363786774210221,0.18745095845394627
2023-10-12,0,0,0,0,35.68571,371.73,0.04975854960323067,-0.03142343469084652,0.18595218091758114
2023-10-13,0,0,0,0,26.27143,370.57,0.024976489461746798,-0.034445920946350905,0.1861780451576946
2023-10-16,0,0,0,0,35.74286,366.62,0.022535839794723067,-0.04473800776466297,0.17938833940082208
2023-10-17,0,0,0,0,39.14286,365.81,0.01959418027760762,-0.04684853696031688,0.17950972872983292
2023-10-18,0,0,0,0,30.57143,365.67,0.027826966860612368,-0.047213319784257024,0.17860313387312388
2023-10-19,0,0,0,0,29.54286,364.81,0.014093511980875162,-0.04945412855988962,0.1485365169968071
2023-10-20,0,0,0,0,22.85714,359.46,0.010712779417967111,-0.06339404361760348,0.15770097595553195
2023-10-23,0,0,0,0,25.84286,353.26,-0.02495169748826942,-0.07954871153495413,0.1673642464492428
2023-10-24,0,0,0,0,33.48571,357.51,-0.025592804578904338,-0.06486882372943426,0.1731554448386905
2023-10-25,0,0,0,0,25.21429,356.7,-0.035789587500675846,-0.06230283911671919,0.17254013122342335
2023-10-26,1,0,1,1,22.71429,349.12,-0.06082371613805726,-0.082229232386961,0.18840387085820565
2023-10-27,1,0,1,1,23.89727,346.43,-0.06514288798337697,-0.08930073606729749,0.17149241933329992
2023-10-30,1,0,1,1,30.65714,347.83,-0.05125197752441224,-0.08562039957939005,0.17114857299206898
2023-10-31,1,0,1,0,30.57143,349.23,-0.04532407533965721,-0.0819400630914825,0.172114020584457
2023-11-01,0,0,0,0,32.05714,351.72,-0.0381491508737386,-0.07539432176656136,0.1724417876596901
2023-11-02,0,0,0,0,32.37143,361.54,-0.008963570077574534,-0.04957939011566759,0.1961293835063238
2023-11-03,0,0,0,0,41.6,364.75,0.014716519223279434,-0.04114090431125128,0.19326944179396183
2023-11-06,0,0,0,0,41.37143,368.49,0.04311272150823764,-0.0313091482649841,0.18537000626722663
2023-11-07,0,0,0,0,40.82857,370.27,0.03569130933400455,-0.026629863301787626,0.18078361701342258
2023-11-08,0,0,0,0,40.08571,373.08,0.04592094196804042,-0.019242902208201906,0.1804032056770461
2023-11-09,0,0,0,0,41.42857,373.64,0.07023373052245652,-0.017770767613038863,0.17972239350830913
2023-11-10,0,0,0,0,42.25714,371.82,0.07329041942095071,-0.02255520504731856,0.18027303179613804
2023-11-13,0,0,0,0,40.51429,376.79,0.08325906333553768,-0.009490010515247005,0.18119604325710503
2023-11-14,0,0,0,0,47.05714,383.71,0.09873149500329292,0.0,0.19020838108992597
2023-11-15,0,0,0,0,53.4,387.25,0.10101785511202088,0.0,0.1913584180936934
2023-11-16,0,0,0,0,54.85714,384.84,0.06444653427006686,-0.006223369916074972,0.1932624197063586
2023-11-17,0,0,0,0,58.17143,385.21,0.0560932145305002,-0.005267914783731453,0.18223546816289757
2023-11-20,0,0,0,0,62.17143,386.05,0.04765393904854953,-0.0030987734021948876,0.16510190383492254
2023-11-21,0,0,0,0,64.0,389.01,0.05061171577497503,0.0,0.16317717848174032
2023-11-22,0,0,0,0,66.37143,390.57,0.046880025731746544,0.0,0.16134804652674153
2023-11-24,0,0,0,0,68.2,389.65,0.04284873139920786,-0.0023555316588576014,0.13258092907530125
2023-11-27,0,0,0,0,65.05714,389.01,0.046232047765047524,-0.003994162378062827,0.12613814753785438
2023-11-28,0,0,0,0,65.4,388.41,0.03083945964595669,-0.005530378677317649,0.12872637726683736
2023-11-29,0,0,0,0,63.57143,392.69,0.02340309087592196,0.0,0.13000546823844114
2023-11-30,0,0,0,0,66.34286,390.08,0.007307940606843033,-0.006646464132012531,0.13728853522096102
2023-12-01,0,0,0,0,66.85714,387.75,0.007561584034923685,-0.012579897629173109,0.11365599218869157
2023-12-04,0,0,0,0,68.4,386.09,0.0022844682121441195,-0.01680715067865246,0.11503283351682132
2023-12-05,0,0,0,0,66.54286,384.39,-0.004299961144929476,-0.021136265247396202,0.11432108827895136
2023-12-06,0,0,0,0,62.88571,390.27,0.0032389912855710357,-0.006162621915505873,0.12327559995890872
2023-12-07,0,0,0,0,64.11429,388.07,-0.006400901246895518,-0.011765005475056656,0.12518982561809947
2023-12-08,0,0,0,0,67.62857,388.67,-0.002515077633773788,-0.01023708268608825,0.1251875394540769
2023-12-11,0,0,0,0,67.71429,391.74,0.007017814452070725,-0.00241921108253329,0.12408876535440524
2023-12-12,0,0,0,0,67.94286,395.56,0.018408382894364195,0.0,0.12055776027606574
2023-12-13,0,0,0,0,69.28571,399.62,0.017647508212585095,0.0,0.1092846769323253
2023-12-14,0,0,0,0,70.94286,404.98,0.03819729286300255,0.0,0.11384359543765779
2023-12-15,0,0,0,0,66.91429,404.18,0.04237266279819463,-0.001975406192898488,0.11059483417438695
2023-12-18,0,0,0,0,76.6,404.93,0.048796912636950074,-0.00012346288705622488,0.11047773367421583
2023-12-19,0,0,0,0,79.71429,407.54,0.060225292021124366,0.0,0.11133671283784578
2023-12-20,0,0,0,0,71.54286,408.35,0.046326901888436245,0.0,0.10981479746102868
2023-12-21,0,0,0,0,74.0,407.06,0.048934470585203727,-0.0031590547324599205,0.11140240598195131
2023-12-22,0,0,0,0,76.8,409.0,0.05230658399156085,0.0,0.11049493593325739
2023-12-26,0,0,0,0,78.97143,409.25,0.04469801398887019,0.0,0.10967459218458904
2023-12-27,0,0,0,0,77.48571,410.95,0.03890686621498629,0.0,0.10870695408605105
2023-12-28,0,0,0,0,77.28571,412.67,0.03265602322206096,0.0,0.10451858904667971
2023-12-29,0,0,0,0,76.42857,411.28,0.015556323769075009,-0.0033683088181841736,0.10131018256624662
2024-01-02,0,0,0,0,75.91429,405.84,0.004107081003513313,-0.01655075484042945,0.11220352219952225
2024-01-03,0,0,0,0,72.28571,399.93,-0.012347813202281843,-0.03087212542709672,0.12537156484157785
2024-01-04,0,0,0,0,74.45714,396.44,-0.02723659027334746,-0.03932924612886812,0.12908928501181577
2024-01-05,0,0,0,0,73.68571,396.45,-0.0291416676870333,-0.03930501369132733,0.11850853325172743
2024-01-08,0,0,0,0,74.4,397.99,-0.022281727509458005,-0.0355732183100298,0.11643723815487857
2024-01-09,0,0,0,0,73.0,401.91,-0.01733496332518336,-0.02607410279400002,0.12034576448764334
2024-01-10,0,0,0,0,74.57143,406.07,-0.007770311545510111,-0.01599340877698896,0.12231830751215168
2024-01-11,0,0,0,0,72.48571,409.79,-0.002822727825769533,-0.006978942011776956,0.12182793894869082
2024-01-12,0,0,0,0,70.88571,410.4,-0.00550076332178262,-0.00550076332178262,0.11764926215578156
2024-01-16,0,0,0,0,70.4,408.31,-0.007221357712507204,-0.010565342767829056,0.11062883565861366
2024-01-17,0,0,0,0,57.77815,406.17,0.0008131283264340983,-0.015751084401579907,0.1121682700489246
2024-01-18,0,0,0,0,66.11429,410.52,0.026479633935938773,-0.005209974071291867,0.11807657065131837
2024-01-19,0,0,0,0,71.85714,415.22,0.04737160730501477,0.0,0.12254976041562547
2024-01-22,0,0,0,0,71.42857,423.41,0.0680035313406484,0.0,0.13951625902891857
2024-01-23,0,0,0,0,73.48571,422.43,0.061408578104977574,-0.0023145414609953008,0.13914589851485187
2024-01-24,0,0,0,0,76.14286,427.44,0.0635216839590953,0.0,0.14330603426046873
2024-01-25,0,0,0,0,77.4,428.36,0.05489201369222063,0.0,0.1431772149690293
2024-01-26,0,0,0,0,76.74286,424.44,0.03575001830205715,-0.009151181249416385,0.14860710313489672
2024-01-29,0,0,0,0,76.97143,424.27,0.033796296296296324,-0.009548043701559483,0.1484640803189919
2024-01-30,0,0,0,0,74.11429,427.1,0.046018956185251536,-0.002941451115883842,0.148438510538089
2024-01-31,0,0,0,0,64.87901,420.85,0.036142501908068114,-0.01753198244467269,0.15041430921758062
2024-02-01,0,0,0,0,70.4,418.79,0.02014518172074453,-0.02234102157064155,0.13996648869953612
2024-02-02,0,0,0,0,66.97143,423.8,0.020663744520976746,-0.010645251657484311,0.13750896615840127
2024-02-05,0,0,0,0,73.45714,429.07,0.013367657825748003,0.0,0.14051865162118468
2024-02-06,0,0,0,0,73.37143,429.61,0.01699689889449152,0.0,0.14085565907582193
2024-02-07,0,0,0,0,75.2,430.41,0.006948343627175779,0.0,0.13920009441819012
2024-02-08,0,0,0,0,76.57143,432.11,0.008754318797273397,0.0,0.13683665057921307
2024-02-09,0,0,0,0,77.8,433.94,0.0223824333239091,0.0,0.1350713813589974
2024-02-12,0,0,0,0,77.88571,436.94,0.02986305890117147,0.0,0.1356899483194203
2024-02-13,0,0,0,0,68.80279,427.28,0.00042144696792312253,-0.02210829862223651,0.16059438743696175
2024-02-14,0,0,0,0,73.30361,431.26,0.02473565403350353,-0.012999496498375063,0.15981227225659542
2024-02-15,0,0,0,0,76.28571,433.92,0.03612789226103774,-0.006911704124135998,0.15772446644100915
2024-02-16,0,0,0,0,77.28571,434.89,0.026168003775365767,-0.004691719686913509,0.15439670824051804
2024-02-20,0,0,0,0,67.27075,428.55,-0.0012119234623720887,-0.019201721060099763,0.15121489630028853
2024-02-21,0,0,0,0,69.72177,424.55,-0.011778124345336427,-0.0283562960589554,0.1550423718336752
2024-02-22,0,0,0,0,78.45714,434.49,0.009479333658604538,-0.005607177186799039,0.17106677631856618
2024-02-23,0,0,0,0,77.74286,439.65,0.017449260604938566,0.0,0.1754565961386714
2024-02-26,0,0,0,0,75.91429,437.6,0.008434345762087014,-0.004662799954509134,0.1725903376806349
2024-02-27,0,0,0,0,77.62857,437.67,0.001670709937291237,-0.004503582395086858,0.17251630602037524
2024-02-28,0,0,0,0,78.65714,435.43,0.01907414341883551,-0.009598544296599454,0.17300617798877851
2024-02-29,0,0,0,0,79.11429,438.23,0.016161944070862244,-0.0032298419197087647,0.1636267057653787
2024-03-01,0,0,0,0,77.34286,439.9,0.013781342182890732,0.0,0.16161336232199022
2024-03-04,0,0,0,0,78.77143,445.61,0.02464991147186657,0.0,0.16244059558452678
2024-03-05,0,0,0,0,74.31429,440.94,0.028911445572278538,-0.010480016157626615,0.16432246679858736
2024-03-06,0,0,0,0,73.88571,440.32,0.037145212578023834,-0.011871367339153172,0.16462833064733653
2024-03-07,0,0,0,0,74.71429,442.42,0.01825128311353552,-0.007158726240434454,0.16508673124754136
2024-03-08,0,0,0,0,71.37143,445.81,0.014011145229159583,0.0,0.16635989178317467
2024-03-11,0,0,0,0,66.69824,437.51,-0.0002056672760513134,-0.01861779681927278,0.18074056086586318
2024-03-12,0,0,0,0,69.31429,439.73,0.004706742522905483,-0.013638096947129918,0.17998745015891426
2024-03-13,0,0,0,0,69.48571,442.65,0.016581310428771534,-0.007088221439626841,0.16018780870328633
2024-03-14,0,0,0,0,72.8,441.5,0.007461835109417336,-0.009667795697718806,0.1583632391406895
2024-03-15,0,0,0,0,70.37143,436.07,-0.008706524210047695,-0.021847872412014135,0.16417269825564368
2024-03-18,0,0,0,0,71.65714,438.73,-0.01543950988532572,-0.01588120499764467,0.1653465015565753
2024-03-19,0,0,0,0,70.62857,435.45,-0.012450673561028691,-0.023238599403333282,0.15854330782405093
2024-03-20,0,0,0,0,72.77143,439.78,-0.0012263808139535426,-0.013525941544604292,0.15688449285538184
2024-03-21,0,0,0,0,74.82857,448.88,0.01460150987749187,0.0,0.15214087624999328
2024-03-22,0,0,0,0,71.77143,445.35,-0.0010318297032367862,-0.007864017109249666,0.15071376993064797
2024-03-25,0,0,0,0,67.68571,443.55,0.013805398733743202,-0.011873997504901035,0.15043725370881247
2024-03-26,0,0,0,0,67.28571,446.3,0.014940986514452081,-0.005747638567100255,0.15166280889761238
2024-03-27,0,0,0,0,70.02857,446.44,0.008562069355021018,-0.00543575120299411,0.14996315306243144
2024-03-28,0,0,0,0,70.68571,444.78,0.007429218573046459,-0.009133844234539334,0.14967739877687092
2024-04-01,0,0,0,0,72.51429,444.97,0.020409567271309825,-0.008710568526109408,0.14925125201116127
2024-04-02,0,0,0,0,63.17143,440.08,0.0030770633419185955,-0.019604348600962385,0.1471500723955941
2024-04-03,0,0,0,0,61.65714,438.96,0.008060626937650639,-0.02209944751381221,0.14270033420390313
2024-04-04,0,0,0,0,48.80772,446.33,0.014893810541634522,-0.005680805560506208,0.1547464996731361
2024-04-05,0,0,0,0,61.20952,436.78,-0.02695597932632332,-0.02695597932632332,0.17252487385849327
2024-04-08,0,0,0,0,66.02857,441.41,-0.008846974289884346,-0.01664141864195323,0.1746892403203444
2024-04-09,0,0,0,0,61.17143,442.96,-0.0013301769811746578,-0.013188379967920216,0.16129186833718354
2024-04-10,0,0,0,0,54.08947,437.0,-0.02083800134438718,-0.026465870611299236,0.1678553932299287
2024-04-11,0,0,0,0,58.62857,440.26,-0.013842845623152078,-0.019203350561397214,0.1683266579200545
2024-04-12,0,0,0,0,46.27829,441.1,-0.008273753316246135,-0.0173320263767599,0.16824128410333536
2024-04-15,0,0,0,0,41.14872,442.06,-0.006539766725846774,-0.015193370165745845,0.16192486114581806
2024-04-16,0,0,0,0,37.72297,430.9,-0.020859843664788214,-0.04005524861878462,0.18475955064972385
2024-04-17,0,0,0,0,34.575,433.1,-0.01334973573901943,-0.03515416146854389,0.18415854399035222
2024-04-18,0,0,0,0,34.11252,426.49,-0.04445141487240378,-0.049879700588130405,0.18743803489571464
2024-04-19,0,0,0,0,31.24042,422.22,-0.03333485965474592,-0.05939226519337004,0.17018794278989188
2024-04-22,1,0,0,1,37.57143,417.31,-0.05459776624906554,-0.07033060060595253,0.1721282414970372
2024-04-23,1,0,0,1,40.37143,420.77,-0.050094816687737076,-0.06262252717875605,0.17682195647400295
2024-04-24,0,0,0,0,41.2,428.2,-0.020137299771167072,-0.04607021921226162,0.18864480189052527
2024-04-25,0,0,0,0,40.42857,419.24,-0.04774451460500606,-0.06603101051505966,0.19991643688842536
2024-04-26,0,0,0,0,41.94286,427.62,-0.030559963727046058,-0.047362324006415935,0.2159526833517729
2024-04-29,0,0,0,0,43.62857,433.13,-0.020200877708908327,-0.03508732846194973,0.22215453912033326
2024-04-30,0,0,0,0,40.68571,431.15,0.0005801810164771659,-0.03949830689716627,0.2195774177867629
2024-05-01,0,0,0,0,40.25714,423.15,-0.022973909027938277,-0.057320441988950366,0.22831630967350314
2024-05-02,0,0,0,0,36.28571,425.3,-0.0027902178245680087,-0.0525307431830333,0.21932284568156726
2024-05-03,0,0,0,0,39.6,434.44,0.028942257590829357,-0.03216895384067009,0.22265382336425518
2024-05-06,0,0,0,0,40.28571,437.3,0.0479020392513958,-0.025797540545357323,0.22052178007419368
2024-05-07,0,0,0,0,38.71429,440.7,0.04736554412149152,-0.018223133131349156,0.2220327002268685
2024-05-08,0,0,0,0,39.4,437.67,0.02211583372255954,-0.024973266797362226,0.21800012972727226
2024-05-09,0,0,0,0,44.14286,440.33,0.05030531437839891,-0.019047406879344142,0.21744124245010035
2024-05-10,0,0,0,0,47.51429,442.54,0.03489079088910718,-0.014124042060238762,0.21806436014195504
2024-05-13,0,0,0,0,49.88571,443.99,0.025073303627086485,-0.010893780074852977,0.21822798017302558
2024-05-14,0,0,0,0,54.02857,442.65,0.02667285167575084,-0.013878987702726775,0.19693168439269815
2024-05-15,0,0,0,0,59.77143,448.43,0.05974240812950504,-0.0010024950989128145,0.20088921554030553
2024-05-16,0,0,0,0,60.37143,452.71,0.0644486245003526,0.0,0.1920200947044524
2024-05-17,0,0,0,0,64.51429,452.11,0.040673050363686514,-0.0013253517704490125,0.1865771963178328
2024-05-20,0,0,0,0,64.31429,451.98,0.03356963183169448,-0.0016125113207129393,0.178557615516153
2024-05-21,0,0,0,0,62.6,453.04,0.02800090764692542,0.0,0.17793451894628534
2024-05-22,0,0,0,0,58.8,456.06,0.04201795873603387,0.0,0.17067824255137876
2024-05-23,0,0,0,0,53.77143,460.55,0.04592010537551383,0.0,0.1461510881472179
2024-05-24,0,0,0,0,53.14286,455.29,0.028810954941926203,-0.011421126913472968,0.14523946733599288
2024-05-28,0,0,0,0,52.51429,459.18,0.03421248226311402,-0.0029747041580718836,0.14217697222869632
2024-05-29,0,0,0,0,47.48571,455.48,0.028984525019767338,-0.011008576701769579,0.14513515803934118
2024-05-30,0,0,0,0,45.48571,455.5,0.015766117342729036,-0.010965150363695608,0.12203630672934025
2024-05-31,0,0,0,0,48.42857,451.78,-0.0020542952441960916,-0.019042449245467497,0.1289392294683461
2024-06-03,0,0,0,0,51.08571,454.57,0.005441153701532864,-0.01298447508413858,0.10996110703136354
2024-06-04,0,0,0,0,41.71429,452.87,0.0019691136775963347,-0.016675713820432092,0.1107183889398782
2024-06-05,0,0,0,0,45.54286,457.98,0.010904114426982137,-0.005580284442514349,0.1138955411321773
2024-06-06,0,0,0,0,45.14286,464.22,0.017892382581239374,0.0,0.11605456780712947
2024-06-07,0,0,0,0,45.28571,463.0,0.005319726414070081,-0.0026280642798673925,0.11707676089470825
2024-06-10,0,0,0,0,47.57143,461.82,0.014342506973577196,-0.005169962517771798,0.1180285298590836
2024-06-11,0,0,0,0,46.05714,463.54,0.009495187072607658,-0.0014648227133686742,0.11809537319743077
2024-06-12,0,0,0,0,46.94286,471.99,0.03624747519100735,0.0,0.12924137668090377
2024-06-13,0,0,0,0,43.17143,477.72,0.048781558726674,0.0,0.1283553622828888
2024-06-14,0,0,0,0,38.4,476.52,0.05476116693966082,-0.0025119316754584897,0.12758305193408664
2024-06-17,0,0,0,0,41.97143,479.46,0.05475504322766578,0.0,0.12730071817101868
2024-06-18,0,0,0,0,42.31429,485.01,0.0709695939232009,0.0,0.13020417645303228
2024-06-20,0,0,0,0,40.2,486.42,0.06209878160618376,0.0,0.13014964296696965
2024-06-21,0,0,0,0,40.8,481.19,0.036555943302744254,-0.010752024998972098,0.13907430119650913
2024-06-24,0,0,0,0,39.62857,478.18,0.03278617710583154,-0.016940092923810712,0.13987720415658766
2024-06-25,0,0,0,0,39.08571,476.07,0.030856177731583667,-0.02127790798075746,0.1330596287700896
2024-06-26,0,0,0,0,41.48571,478.55,0.03238124002243592,-0.016179433411455113,0.13149052139083242
2024-06-27,0,0,0,0,46.0,480.12,0.017224941206381406,-0.012951770075243618,0.1259139174730314
2024-06-28,0,0,0,0,43.77143,482.41,0.009817466298249977,-0.008243904444718564,0.12572520097370513
2024-07-01,0,0,0,0,48.08571,480.04,0.007386888273315018,-0.013116236996833952,0.12241185184069191
2024-07-02,0,0,0,0,50.22857,480.41,0.001981395736870839,-0.012355577484478464,0.12209413442135422
2024-07-03,0,0,0,0,43.74286,486.22,0.002494793921774985,-0.0004111673039759456,0.12377670780928221
2024-07-05,0,0,0,0,53.94286,491.89,0.0112454257637431,0.0,0.12409510330112328
2024-07-08,0,0,0,0,52.74286,496.53,0.03187929923730737,0.0,0.12044496929395601
2024-07-09,0,0,0,0,52.34286,498.87,0.04326822535446895,0.0,0.1183752894570098
2024-07-10,0,0,0,0,57.82857,499.71,0.049656563110466845,0.0,0.11631713686791041
2024-07-11,0,0,0,0,51.85714,503.07,0.05123811513948384,0.0,0.11671774869202536
2024-07-12,0,0,0,0,56.48571,492.51,0.02580604848787793,-0.020991114556622392,0.13539566505523737
2024-07-15,0,0,0,0,62.08571,496.61,0.029435542380962243,-0.012841155306418495,0.13230958265441162
2024-07-16,0,0,0,0,63.77143,497.62,0.03662194817098574,-0.010833482417953788,0.1312450570769266
2024-07-17,0,0,0,0,53.90576,488.28,0.016381840511229928,-0.029399487148905723,0.14978868505873227
2024-07-18,0,0,0,0,50.62857,485.53,-0.0014191106906339401,-0.03486592323135951,0.14601178764550787
2024-07-19,0,0,0,0,49.23561,479.15,-0.02590009961576778,-0.04754805494265213,0.15286165096602572
2024-07-22,0,0,0,0,55.84898,481.16,-0.030954826495881327,-0.04355258711511312,0.14899494377677103
2024-07-23,0,0,0,0,55.54447,481.41,-0.03499909796139267,-0.04305563838034465,0.1471280380844333
2024-07-24,1,0,0,1,41.15635,473.82,-0.051810049828900695,-0.058143001967916996,0.1572054121978324
2024-07-25,1,0,0,1,39.37065,463.72,-0.07821973085256517,-0.07821973085256517,0.1725682911141212
2024-07-26,1,0,1,1,45.261,462.65,-0.0606282105947088,-0.0803466714373745,0.1716455861908964
2024-07-29,1,0,0,1,45.81905,465.71,-0.06222186423954412,-0.07426401892380785,0.17270288109351775
2024-07-30,1,0,0,1,42.21504,465.85,-0.06384389694947945,-0.07398572763233735,0.17240915132581006
2024-07-31,0,0,0,0,52.49425,467.87,-0.04179978700745468,-0.06997038185540783,0.1734774794393635
2024-08-01,0,0,0,0,39.70037,471.76,-0.028360760406154095,-0.06223785954240957,0.17010335118728845
2024-08-02,1,0,1,1,27.03327,450.89,-0.05897944276322653,-0.10372313992088578,0.22104465674593984
2024-08-05,1,0,1,1,19.05714,424.71,-0.11732064178235935,-0.15576361142584538,0.28594932260249467
2024-08-06,1,0,1,1,20.85185,437.23,-0.09177208616356125,-0.13087641878863776,0.3124094067111578
2024-08-07,1,0,1,1,19.72334,446.49,-0.057680131695580616,-0.1124694376528117,0.3264367047591583
2024-08-08,1,0,1,0,23.99346,441.06,-0.048865694815837246,-0.12326316417198402,0.3240001772372156
2024-08-09,1,0,1,0,23.94286,446.74,-0.034388846860477607,-0.11197248891804323,0.326006037776755
2024-08-12,1,0,1,0,23.6,451.39,-0.030748749221618632,-0.10272924245134873,0.32718883701160684
2024-08-13,1,0,1,0,24.68571,455.82,-0.021530535580122412,-0.0939233108712505,0.33041709288257476
2024-08-14,0,0,0,0,26.08571,463.51,-0.009318827879539193,-0.07863716778977081,0.33373021199662484
2024-08-15,0,0,0,0,32.97143,468.76,-0.006359165677463086,-0.06820124435963182,0.33695585199609424
2024-08-16,0,0,0,0,35.08571,472.62,0.048193572711747956,-0.060528355894805874,0.3357341967474337
2024-08-19,0,0,0,0,41.31429,475.17,0.11881048244684611,-0.055459478800166884,0.3359823514011844
2024-08-20,0,0,0,0,44.88571,480.35,0.09862086316126528,-0.04516270101576314,0.33837543936050135
2024-08-21,0,0,0,0,50.51429,481.05,0.07740374924410398,-0.043771244558411304,0.3331400222174379
2024-08-22,0,0,0,0,47.54286,484.84,0.09926087153675223,-0.03623750173932061,0.323205448673924
2024-08-23,0,0,0,0,52.85714,479.24,0.07274925012311417,-0.04736915339813541,0.3266494927208224
2024-08-26,0,0,0,0,53.97143,479.45,0.06216353928974949,-0.04695171646092988,0.3262199592498979
2024-08-27,0,0,0,0,52.85714,473.69,0.03920407178272134,-0.05840141530999665,0.3298093566469466
2024-08-28,0,0,0,0,51.97143,476.29,0.027572220664063396,-0.05323314846840399,0.32998728141207734
2024-08-29,0,0,0,0,57.6,473.28,0.009642460960832766,-0.059216411235017086,0.32983356747060727
2024-08-30,0,0,0,0,63.42857,475.04,0.005120392704498267,-0.05571789214224654,0.2846414968625792
2024-09-03,0,0,0,0,65.4,473.2,-0.004145884630763819,-0.05937543483014296,0.17486945371388968
2024-09-04,1,0,1,0,52.82857,458.67,-0.04513375663578645,-0.08825809529488937,0.19468265508032404
2024-09-05,1,0,1,0,46.77143,458.97,-0.0458995946367321,-0.08766175681316712,0.1817207181432272
2024-09-06,1,0,1,1,39.25714,460.33,-0.05055275967329431,-0.08495835569602639,0.17449058532562906
2024-09-09,1,0,1,1,42.08571,453.06,-0.054628161255320884,-0.09940962490309502,0.18078210146640813
2024-09-10,1,0,1,0,39.54286,456.24,-0.04840963604129733,-0.09308843699683933,0.1787729624507375
2024-09-11,1,0,1,0,43.08571,459.91,-0.029090755557432013,-0.08579322957043745,0.17766930336147427
2024-09-12,0,0,0,0,42.8,468.65,-0.0160406475046716,-0.06841990180293,0.1804150839621982
2024-09-13,0,0,0,0,42.8,472.48,-0.0016903313049356772,-0.060806647186276264,0.17826550190394488
2024-09-16,0,0,0,0,54.08571,473.19,-0.003894408891882861,-0.05939531277953369,0.175956024228884
2024-09-17,0,0,0,0,54.08571,476.29,0.00653000845308549,-0.05323314846840399,0.176462822237222
2024-09-18,0,0,0,0,60.82857,474.7,0.03494887391806745,-0.056393742421531834,0.17217168041885184
2024-09-19,0,0,0,0,60.82857,482.61,0.05150663442055037,-0.040670284453455774,0.18264743687757842
2024-09-20,0,0,0,0,63.85714,482.49,0.04813937827210912,-0.040908819846144695,0.1803950502887352
2024-09-23,0,0,0,0,65.05714,482.95,0.06597360173045508,-0.03999443417417059,0.175332382668237
2024-09-24,0,0,0,0,66.48571,484.46,0.06185341048570914,-0.03699286381616873,0.17559071301152407
2024-09-25,0,0,0,0,67.08571,484.74,0.05398882390032833,-0.03643628123322795,0.1691860094646046
2024-09-26,0,0,0,0,68.82857,493.37,0.05274725274725278,-0.019281610909018587,0.17869817129013463
2024-09-27,0,0,0,0,72.77143,490.5,0.03813918049441245,-0.024986582384161182,0.17840308758379161
2024-09-30,0,0,0,0,72.77143,485.78,0.026606648492149,-0.03436897449659093,0.182780404874293
2024-10-01,0,0,0,0,72.77143,487.7,0.023955993197421588,-0.03055240821356875,0.18201907333554782
2024-10-02,0,0,0,0,72.77143,480.36,0.011923319991573589,-0.045142823066372406,0.1510437689597114
2024-10-03,0,0,0,0,72.77143,479.74,-0.005946830774331224,-0.04637525592859837,0.15149146963510954
2024-10-04,0,0,0,0,73.6,487.45,0.010280005803229075,-0.020437281459748435,0.15924693138359403
2024-10-07,0,0,0,0,69.42857,485.39,0.0050522828450150215,-0.024576986455528305,0.14596418413753526
2024-10-08,0,0,0,0,70.6,484.66,0.0004128307806630094,-0.026043969293838676,0.14636772332165837
2024-10-09,0,0,0,0,71.42857,489.0,0.008788216363411205,-0.008857449784137716,0.14681353710413558
2024-10-10,0,0,0,0,69.08571,490.85,-0.005107728479640028,-0.005107728479640028,0.13437594555520851
2024-10-11,0,0,0,0,69.08571,490.74,0.0004892966360856565,-0.005330684881529102,0.13284787563047695
2024-10-14,0,0,0,0,75.08571,495.77,0.020564864753592094,0.0,0.13606342885871078
2024-10-15,0,0,0,0,66.94286,497.83,0.020770965757637816,0.0,0.13535037530380534
2024-10-16,0,0,0,0,69.45714,491.18,0.022524773086851413,-0.013357973605447548,0.14515357977042898
2024-10-17,0,0,0,0,71.62857,496.44,0.03481052236628179,-0.0027921177912137995,0.138421178652413
2024-10-18,0,0,0,0,74.68571,494.06,0.01356036516565795,-0.007572866239479281,0.14009119206344348
2024-10-21,0,0,0,0,73.02857,493.25,0.016193164259667547,-0.00919992768615785,0.1404591020581612
2024-10-22,0,0,0,0,70.25714,492.73,0.016650848017166764,-0.010244460960568746,0.1404402005764822
2024-10-23,0,0,0,0,63.11429,493.59,0.009386503067484675,-0.008516963622120066,0.14046761589797316
2024-10-24,0,0,0,0,63.4,492.11,0.002566975654476833,-0.011489866018520312,0.1260136333213001
2024-10-25,0,0,0,0,58.91429,495.14,0.008966051269511333,-0.005403450977241264,0.1259740245223271
2024-10-28,0,0,0,0,61.74286,498.46,0.005425903140569233,0.0,0.12183554112562069
2024-10-29,0,0,0,0,60.22857,495.72,-0.004238394632705811,-0.005496930546081802,0.12372720137268181
2024-10-30,0,0,0,0,57.54286,499.39,0.01671484995317396,0.0,0.11042495772788727
2024-10-31,0,0,0,0,43.50893,492.38,-0.008178228990411762,-0.014037125292857278,0.12386455287179766
2024-11-01,0,0,0,0,48.8,485.5,-0.017325830870744463,-0.02781393299825785,0.12234270901580639
2024-11-04,0,0,0,0,42.88571,486.82,-0.013035985808413586,-0.025170708264082187,0.12177285766389775
2024-11-05,0,0,0,0,43.54286,487.61,-0.010391086396200788,-0.02358877830953754,0.12170681453691055
2024-11-06,0,0,0,0,57.91429,500.56,0.014121031625438096,0.0,0.1508100927200447
2024-11-07,0,0,0,0,59.6,508.4,0.03310235516449578,0.0,0.15916057681838078
2024-11-08,0,0,0,0,60.54286,513.035,0.03614129337157168,0.0,0.16102347778414403
2024-11-11,0,0,0,0,67.91429,515.37,0.03392448742125742,0.0,0.1585303964169653
2024-11-12,0,0,0,0,68.65714,513.77,0.03641168401516981,-0.0031045656518617903,0.15930649443634162
2024-11-13,0,0,0,0,67.51429,512.4,0.026051783175474075,-0.005762849991268415,0.1502320479256903
2024-11-14,0,0,0,0,60.28571,511.91,0.03966448677850454,-0.006713623222151077,0.14710095302413517
2024-11-15,0,0,0,0,50.91429,502.94,0.03592173017507716,-0.024118594407901095,0.16071991432898847
2024-11-18,0,0,0,0,50.14286,498.13,0.023232406228174796,-0.03345169489881061,0.16481574593911913
2024-11-19,0,0,0,0,50.42857,497.42,0.020118537355673594,-0.03482934590682418,0.16486871201773728
2024-11-20,0,0,0,0,50.82857,503.16,0.005194182515582568,-0.023691716630770077,0.1694327425317702
2024-11-21,0,0,0,0,57.62857,506.24,-0.004248623131392515,-0.017715427750936263,0.16966024269767002
2024-11-22,0,0,0,0,60.91429,504.42,-0.016792226651203057,-0.02124687117992896,0.1696188553414559
2024-11-25,0,0,0,0,61.45714,509.9,-0.010613733822302462,-0.010613733822302462,0.17210387207360228
2024-11-26,0,0,0,0,64.4,508.08,-0.011074994647410352,-0.014145177251295271,0.17124426477444907
2024-11-27,0,0,0,0,64.34286,508.17,-0.008255269320842973,-0.013970545433377946,0.16973561426041592
2024-11-29,0,0,0,0,66.14286,505.93,-0.011681740931023032,-0.018316937345984385,0.1617297273216161
2024-12-02,0,0,0,0,66.57143,511.01,0.016045651568775687,-0.008459941401323334,0.15370499608238164
2024-12-03,0,0,0,0,62.4,513.95,0.031758777829080875,-0.00275530201602725,0.15411087554049832
2024-12-04,0,0,0,0,57.14286,520.32,0.04603755377749197,0.0,0.157756710298128
2024-12-05,0,0,0,0,55.77143,523.31,0.04004690356944107,0.0,0.13230218792944498
2024-12-06,0,0,0,0,53.0,522.48,0.03207964601769908,-0.0015860579771070915,0.12296075916771627
2024-12-09,0,0,0,0,53.0,525.55,0.041889695095356894,0.0,0.1207802538515579
2024-12-10,0,0,0,0,48.48571,523.62,0.02690723671308115,-0.0036723432594424343,0.1213102960456992
2024-12-11,0,0,0,0,51.71429,525.0,0.03330184222957011,-0.0010465226905146396,0.12055474522033495
2024-12-12,0,0,0,0,48.74286,527.68,0.03839266387232598,0.0,0.12048262912294003
2024-12-13,0,0,0,0,50.0,530.46,0.04848496827624382,0.0,0.12082660909197113
2024-12-16,0,0,0,0,56.65714,533.08,0.043188978689262525,0.0,0.09714875746554645
2024-12-17,0,0,0,0,51.82857,536.36,0.043603463371923334,0.0,0.08567785124652513
2024-12-18,0,0,0,0,33.84615,535.15,0.028501691266912488,-0.002255947497949218,0.08638696742539656
2024-12-19,0,0,0,0,22.50043,521.19,-0.004051136037912295,-0.028283242598254876,0.13210747083096414
2024-12-20,0,0,0,0,28.08571,510.44,-0.023043944265809246,-0.04832575136102624,0.1529610013203094
2024-12-23,0,0,0,0,30.08571,519.55,-0.0114166111692513,-0.03134089044671495,0.16396674828817343
2024-12-24,0,0,0,0,33.97143,524.83,0.0023108361025172552,-0.021496755910209497,0.16345532741187238
2024-12-26,0,0,0,0,35.08571,528.32,0.00632380952380962,-0.014989932135133,0.1632811058526504
2024-12-27,0,0,0,0,34.25714,526.01,-0.0031647968465735588,-0.019296740994854233,0.1647488535375647
2024-12-30,0,0,0,0,27.91429,515.51,-0.028183086377860822,-0.03887314490267735,0.1809492162166977
2024-12-31,0,0,0,0,27.8,516.9,-0.030351917160651443,-0.03628160190916552,0.17793541606931398
2025-01-02,0,0,0,0,26.14286,514.3,-0.041129092400626566,-0.041129092400626566,0.17793707731238337
2025-01-03,0,0,0,0,31.65714,513.35,-0.040736242175090975,-0.04290029084942948,0.1719607166804071
2025-01-06,0,0,0,0,36.74286,524.02,0.005429881617068588,-0.0230069356402417,0.18697314334214968
2025-01-07,0,0,0,0,35.71429,525.59,0.02968027584045152,-0.020079797151167145,0.18712144671858025
2025-01-08,0,0,0,0,32.37143,515.08,-0.008603599268597661,-0.039674845253188096,0.19916140982696703
2025-01-10,0,0,0,0,26.88571,511.48,-0.025436808109292608,-0.046386755164441795,0.2001127811416508
2025-01-13,1,0,0,1,26.65714,501.2,-0.051332525741974666,-0.0655529867999105,0.2104917385809804
2025-01-14,0,0,0,0,26.71429,508.74,-0.03283207543582822,-0.05149526437467378,0.21791301959817752
2025-01-15,0,0,0,0,29.14286,513.03,-0.004810769917169444,-0.04349690506376325,0.2195453624711123
2025-01-16,0,0,0,0,28.4,518.98,0.004023989166183073,-0.032403609515996745,0.223405268026411
2025-01-17,0,0,0,0,37.68571,522.85,0.016624538207272055,-0.025188306361399015,0.22402508012442102
2025-01-21,0,0,0,0,40.82857,524.48,0.021681114249537448,-0.022149302707136997,0.22449421430394426
2025-01-22,0,0,0,0,43.31429,529.57,0.010591198809205782,-0.012659407860392213,0.20648704808681514
2025-01-23,0,0,0,0,46.97143,529.04,0.006564051827469886,-0.013647550152882437,0.19051235142361575
2025-01-24,0,0,0,0,48.65714,533.02,0.03482954104216818,-0.006227160862107617,0.1823720026121891
2025-01-27,0,0,0,0,39.11429,511.0,-0.0009384531164464693,-0.04728167648594228,0.23367247818442136
2025-01-28,0,0,0,0,44.34286,515.22,0.027972865123703228,-0.03941382653441716,0.234460353755654
2025-01-29,0,0,0,0,45.6,522.46,0.026968589063175674,-0.025915429935118195,0.24015398983865044
2025-01-30,0,0,0,0,48.05714,523.71,0.020817496052862428,-0.023584905660377298,0.22862434131242215
2025-01-31,0,0,0,0,45.8,526.92,0.015299240818528625,-0.017600119322843,0.22930799703894886
2025-02-03,0,0,0,0,44.11429,513.47,-0.017940135794204837,-0.04267656051905433,0.24735906547162947
2025-02-04,0,0,0,0,38.97143,518.63,-0.011153904820012217,-0.033056156312924134,0.24975077660822756
2025-02-05,0,0,0,0,39.6,521.82,-0.014634514795022424,-0.0271086583637854,0.23927008755761803
2025-02-06,0,0,0,0,41.11429,527.36,-0.0031755632844396864,-0.016779774778134082,0.24209077111066551
2025-02-07,0,0,0,0,39.28571,530.14,-0.005403174364939423,-0.011596688791110532,0.23035162405227116
2025-02-10,0,0,0,0,46.2,527.22,0.031741682974559815,-0.017040793496905016,0.22968293397866849
2025-02-11,0,0,0,0,46.45714,525.96,0.02084546407359955,-0.01938996196584375,0.21564901548928503
2025-02-12,0,0,0,0,44.02857,522.3,-0.00030624354017549926,-0.026213737042285135,0.21280251007705786
2025-02-13,0,0,0,0,46.71429,529.98,0.011972274732199084,-0.01189499589827725,0.216679427509456
2025-02-14,0,0,0,0,44.48571,536.005,0.017241706520914057,-0.0006618688940264184,0.21654215838451982
2025-02-18,0,0,0,0,48.88571,539.73,0.05114222836777227,0.0,0.21637083159467108
2025-02-19,0,0,0,0,48.34286,538.57,0.03844744808437617,-0.002149222759527891,0.21671401599697243
2025-02-20,0,0,0,0,45.14286,538.73,0.03240581043271629,-0.001852778240972297,0.21450341295693942
2025-02-21,0,0,0,0,35.42857,538.38,0.020896541262135804,-0.002501250625312701,0.21446476384026816
2025-02-24,0,0,0,0,29.25714,527.88,-0.004263024861357323,-0.021955422155522264,0.22471246756436425
2025-02-25,0,0,0,0,22.91429,519.24,-0.015135996358256576,-0.03796342615752324,0.17679648907029505
2025-02-26,0,0,0,0,21.74286,515.53,-0.019830405354019476,-0.044837233431530676,0.17670137293432456
2025-02-27,0,0,0,0,18.41962,518.13,-0.007983917288914344,-0.04002001000500255,0.17002710836099869
2025-02-28,1,0,0,1,19.71429,500.13,-0.05632288010868336,-0.07337001834250467,0.2087349956487818
2025-03-03,0,0,0,0,24.48571,511.52,-0.04568054402477595,-0.052266874177829714,0.2252699867434902
2025-03-04,1,0,1,1,19.78758,494.18,-0.08439404887628998,-0.08439404887628998,0.2387295143519937
2025-03-05,1,0,1,1,21.8898,496.2,-0.07867129621033486,-0.08065143682952591,0.2357224410325893
2025-03-06,1,0,1,1,17.29175,493.69,-0.08360403170419328,-0.0853019102143665,0.23386797391860217
2025-03-07,1,0,1,1,20.49014,487.16,-0.09513726364278019,-0.09740055212791576,0.23121093557252573
2025-03-10,1,1,1,1,14.59115,483.45,-0.08416685610365993,-0.1042743594019232,0.2289785862210595
2025-03-11,1,0,1,1,16.2668,472.35,-0.09030506124335569,-0.12484019787671607,0.2381926476153258
2025-03-12,1,0,1,1,20.45875,479.16,-0.07054875564952567,-0.11222277805569447,0.2482428062782541
2025-03-13,1,1,1,1,14.84386,476.25,-0.08082913554513349,-0.11761436273692405,0.24814785252566568
2025-03-14,1,0,1,1,20.97143,473.73,-0.05278627556835214,-0.12228336390417427,0.23756217007596514
2025-03-17,1,0,1,1,22.14286,479.61,-0.06238270253362521,-0.11138902784725702,0.23857116179956644
2025-03-18,1,0,1,0,19.82857,479.41,-0.029887895098951733,-0.11175958349545145,0.2349040964029819
2025-03-19,1,0,1,0,22.37143,476.81,-0.03907698508665858,-0.11657680692197958,0.23451578597514056
2025-03-20,1,0,1,0,22.22857,476.88,-0.03404970730620427,-0.11644711244511152,0.2344631500076346
2025-03-21,1,0,1,0,22.57143,474.08,-0.026849495032432946,-0.12163489151983409,0.23362143474499986
2025-03-24,1,0,1,0,27.88571,487.74,0.00887372013651877,-0.09632594074815182,0.25882291896532456
2025-03-25,1,0,1,0,28.85714,491.39,0.040309092833703764,-0.08956330016860292,0.2573293354901866
2025-03-26,1,0,1,0,28.62857,492.3,0.027422990232907507,-0.08787727196931805,0.25721600060700806
2025-03-27,1,0,1,0,27.88571,482.41,0.01293438320209983,-0.10620124877253445,0.26325852436146485
2025-03-28,1,0,1,0,21.85714,479.81,0.012834314905114663,-0.11101847219906247,0.23618936736579169
2025-03-31,1,0,1,0,21.34286,461.92,-0.03688413502637555,-0.14416467493005758,0.24863644741052573
2025-04-01,1,0,1,0,19.34286,467.3,-0.0252602156817755,-0.13419672799362647,0.2302308233589227
2025-04-02,1,0,1,0,17.08571,466.12,-0.02241983179882967,-0.13638300631797384,0.22884050288283586
2025-04-03,1,1,1,0,7.72653,456.44,-0.04286193591679244,-0.15431789969058607,0.23732989876907162
2025-04-04,1,1,1,1,4.24346,438.14,-0.07580998987512655,-0.1882237415003799,0.2685744565065157
2025-04-07,1,1,1,1,4.42698,408.66,-0.16213556403001594,-0.2428436440442443,0.3476968640066138
2025-04-08,1,1,1,1,3.80783,438.16,-0.10832536274649451,-0.18818668593556032,0.4444587374951296
2025-04-09,1,0,1,1,16.59923,415.57,-0.1558602478163722,-0.23004094639912553,0.4703656993903475
2025-04-10,1,1,1,1,8.49524,453.56,-0.05980390124582824,-0.15965390102458643,0.5852837788896097
2025-04-11,1,1,1,1,12.64737,444.65,-0.07327900627331663,-0.17616215515165,0.5886268099759393
2025-04-14,1,0,1,0,19.47866,464.46,0.005498787668860361,-0.139458618197988,0.6101038896101035
2025-04-15,1,0,1,0,18.55971,458.54,-0.01874598758827306,-0.1504270653845441,0.6115390246329989
2025-04-16,1,1,1,0,14.44304,449.03,-0.03666437827168978,-0.1680469864561911,0.6152382557955332
2025-04-17,1,0,1,0,20.91429,447.17,-0.02030935062658834,-0.17149315398439957,0.6152008813781004
2025-04-21,1,0,1,0,21.78571,438.23,0.00020541379467764465,-0.18805699145869226,0.618258856753959
2025-04-22,1,0,1,0,24.38765,438.82,0.07380218274360106,-0.18696385229651868,0.6069708786398021
2025-04-23,1,0,1,0,27.4,458.17,0.04566824904144595,-0.15111259333370386,0.630101084457222
2025-04-24,1,0,1,0,31.05714,456.48,0.0984431022451091,-0.15424378856094711,0.6298703473216228
2025-04-25,1,0,1,0,35.34286,466.97,0.029566099303289572,-0.1348081448131473,0.6329496472034504
2025-04-28,1,0,1,0,36.51429,473.03,0.06382548071516925,-0.12358030867285508,0.6345702482011755
2025-04-29,1,0,1,0,37.91429,470.17,0.012293846617577486,-0.12887925444203585,0.6197159788813775
2025-04-30,1,0,1,0,35.05714,467.13,0.018733371134470156,-0.1345117002945918,0.6191557047097513
2025-05-01,1,0,1,0,47.02857,483.41,0.07656504019775978,-0.10434847053156204,0.6306861190451045
2025-05-02,1,0,1,0,42.62857,486.54,0.0880425788849879,-0.09854927463731866,0.6247058696656707
2025-05-05,1,0,1,0,56.6,484.6,0.10581201652100503,-0.10214366442480494,0.6037597051747198
2025-05-06,1,0,1,0,57.02857,479.56,0.09283988879267135,-0.1114816667593056,0.5432536192254517
2025-05-07,1,0,1,0,56.0,482.08,0.05218586987362772,-0.10681266559205538,0.4884954561548934
2025-05-08,1,0,1,0,61.71429,488.53,0.07021118121275838,-0.0948622459377838,0.44039504797365975
2025-05-09,1,0,1,0,61.6,490.21,0.04976765102683256,-0.09174957849295029,0.3129009327497657
2025-05-12,0,0,0,0,66.14286,506.99,0.0717924867344566,-0.06065995960943438,0.3171450151872581
2025-05-13,0,0,0,0,68.77143,509.16,0.08292745177276295,-0.05663943082652434,0.2839954131907913
2025-05-14,0,0,0,0,70.42857,516.77,0.1062659216920343,-0.0407625341079948,0.27831645637941915
2025-05-15,0,0,0,0,69.02857,516.52,0.06849258393496194,-0.04122658845804028,0.2611267214001534
2025-05-16,0,0,0,0,70.6,520.66,0.07012784149299112,-0.03291355548125863,0.25769563293429065
2025-05-19,0,0,0,0,69.71429,514.24,0.06116384647131645,-0.025839205880124227,0.24800445527152806
2025-05-20,0,0,0,0,69.31429,519.47,0.08322212027692055,-0.0022855606345790758,0.24677177085313043
2025-05-21,0,0,0,0,66.28571,516.27,0.07092183869897117,-0.00843160603848958,0.21302516457469495
2025-05-22,0,0,0,0,66.28571,513.66,0.051440034388881006,-0.013444474321054,0.213909245633942
2025-05-23,0,0,0,0,63.65714,506.18,0.032577874788356054,-0.02781085545269457,0.21589236157945155
2025-05-27,0,0,0,0,65.17143,516.15,0.018067417503303762,-0.008662082741136223,0.22080750061135088
2025-05-28,0,0,0,0,64.74286,522.18,0.02557152957812847,0.0,0.21857344958349045
2025-05-29,0,0,0,0,64.11429,526.33,0.018499525901271463,0.0,0.21418416171296167
2025-05-30,0,0,0,0,61.54286,519.44,0.0056532176876018525,-0.013090646552543106,0.19553167019164286
2025-06-02,0,0,0,0,62.65714,517.24,-0.006568586025429202,-0.017270533695590284,0.19718456583305183
2025-06-03,0,0,0,0,55.77143,523.56,0.0181238332296203,-0.0052628579028367595,0.19780896187812919
2025-06-04,0,0,0,0,54.31429,528.01,0.016439832906616214,0.0,0.19088258477635905
2025-06-05,0,0,0,0,58.37143,530.18,0.026943266120440734,0.0,0.19089699981140773
2025-06-06,0,0,0,0,63.28571,530.0,0.03181092551493214,-0.0003395073371307289,0.18895395670172813
2025-06-09,0,0,0,0,62.2,530.14,0.04733494013987105,-7.544607491782873e-05,0.1894475809107408
2025-06-10,0,0,0,0,63.77143,531.17,0.029100067809745278,0.0,0.15207237855388783
2025-06-11,0,0,0,0,62.17143,535.62,0.025738251177754856,0.0,0.15344235067813441
2025-06-12,0,0,0,0,61.4,531.09,0.009043755818592958,-0.008457488517979117,0.15089501878077582
2025-06-13,0,0,0,0,59.88571,527.68,0.015863237332511826,-0.014823942347186536,0.15333541632852296
2025-06-16,0,0,0,0,62.11429,530.5,0.02563606836284893,-0.009559015720100095,0.15202845726531275
2025-06-17,0,0,0,0,53.91429,531.71,0.015566506226602606,-0.007299951458123233,0.14367899644733942
2025-06-18,0,0,0,0,53.77143,530.1,0.003958258366318912,-0.010305813823232812,0.14098495941262
2025-06-20,0,0,0,0,55.37143,532.26,0.003923195895733533,-0.006273104066315649,0.13870448574097682
2025-06-23,0,0,0,0,56.54286,526.81,-0.006018867924528437,-0.016448228221500383,0.1431347532329363
2025-06-24,0,0,0,0,56.34286,536.89,0.012732485758478962,0.0,0.14357195284492194
2025-06-25,0,0,0,0,58.97143,542.06,0.020501910875990736,0.0,0.1320151975152244
2025-06-26,0,0,0,0,61.74286,543.35,0.014431873343041746,0.0,0.12747033540214084
2025-06-27,0,0,0,0,64.6,547.26,0.030446816923685116,0.0,0.12703406619458138
2025-06-30,0,0,0,0,67.05714,551.26,0.04468617343844761,0.0,0.11499938023041831
2025-07-01,0,0,0,0,65.22857,549.73,0.03624882186616407,-0.002775459855603457,0.11389224751537193
2025-07-02,0,0,0,0,63.2,546.16,0.027176468375618157,-0.009251532852011746,0.11333499020352962
2025-07-03,0,0,0,0,77.77143,553.18,0.04353895491416693,0.0,0.11755089163564211
2025-07-07,0,0,0,0,75.31429,553.52,0.0399428850561756,0.0,0.11751440931412221
2025-07-08,0,0,0,0,74.28571,553.38,0.05043564093316388,-0.0002529267235149568,0.11749016575319843
2025-07-09,0,0,0,0,74.88571,554.48,0.032762763322095934,0.0,0.11727520031542404
2025-07-10,0,0,0,0,75.48571,556.89,0.027358594989484564,0.0,0.11749564125953828
2025-07-11,0,0,0,0,75.28571,553.3,0.018312321707922852,-0.0064465154698415406,0.1192509644722193
2025-07-14,0,0,0,0,76.42857,553.99,0.012297628184044118,-0.005207491605164316,0.11315938354035214
2025-07-15,0,0,0,0,73.91429,560.25,0.016308094184232402,0.0,0.11286719275475222
2025-07-16,0,0,0,0,74.11429,557.28,0.013734014880032008,-0.0053012048192772054,0.11623874218353426
2025-07-17,0,0,0,0,75.31429,558.02,0.021715248278892707,-0.003980365908076822,0.11631076909950018
2025-07-18,0,0,0,0,75.0,563.12,0.017968834737337014,0.0,0.11673791165701959
2025-07-21,0,0,0,0,73.6,562.09,0.015482728718023031,-0.0018290950419093122,0.11792655654390238
2025-07-22,0,0,0,0,73.02857,564.3,0.019733275506884862,0.0,0.10747948152456555
2025-07-23,0,0,0,0,76.31429,562.34,0.014175443658923648,-0.003473329789119073,0.09270906768548079
2025-07-24,0,0,0,0,75.17143,565.13,0.014796458905708576,0.0,0.08925364665127435
2025-07-25,0,0,0,0,73.94286,564.93,0.021019338514368435,-0.0003539008723657533,0.08966696616873245
2025-07-28,0,0,0,0,73.6,567.74,0.02481994259824183,0.0,0.08828368475883275
2025-07-29,0,0,0,0,69.25714,570.76,0.018759482373940095,0.0,0.0869248303779238
2025-07-30,0,0,0,0,66.77143,568.18,0.019559287970140726,-0.004520288737823286,0.08833979158842635
2025-07-31,0,0,0,0,62.65714,574.54,0.029604673667610548,0.0,0.08897747176972838
2025-08-01,0,0,0,0,50.04878,558.83,-0.0076182696405738826,-0.027343614021651974,0.13149454475561326
2025-08-04,0,0,0,0,56.65714,559.05,-0.005408386557313016,-0.026960698993977794,0.13149524547445132
2025-08-05,0,0,0,0,54.57143,565.39,0.0019315966684387842,-0.015925784105545238,0.13690793820526279
2025-08-06,0,0,0,0,55.28571,561.11,-0.0021872888288224646,-0.023375221916663635,0.14025761426415567
2025-08-07,0,0,0,0,54.74286,571.67,0.011572558526356636,-0.0049953005882967805,0.15407063908246815
2025-08-08,0,0,0,0,59.22857,570.45,0.009771122085922235,-0.00711873846903599,0.151919672838419
2025-08-11,0,0,0,0,57.97143,574.69,0.012241519005178558,0.0,0.15332487065573377
2025-08-12,0,0,0,0,63.14286,575.16,0.007709019552876839,0.0,0.14924427263175466
2025-08-13,0,0,0,0,63.14286,582.76,0.02566088211482276,0.0,0.1527200863709274
2025-08-14,0,0,0,0,63.14286,578.28,0.00650955547046328,-0.007687555769098853,0.15676645988057192
2025-08-15,0,0,0,0,63.14286,579.8,0.037524828659878606,-0.005079277918868863,0.15442689716778552
