date,strategy_value,dca_value
2021-07-26,301654.96,300000.0
2021-07-27,301654.96,300584.0
2021-07-28,299734.96,298488.0
2021-07-29,299532.32,298208.0
2021-07-30,297284.32,295960.0
2021-08-02,300356.32,299032.0
2021-08-03,299556.32,298232.0
2021-08-04,300748.32,299424.0
2021-08-05,301876.32,300552.0
2021-08-06,302028.32,300704.0
2021-08-09,302148.32,300824.0
2021-08-10,302740.32,301416.0
2021-08-11,301844.32,300520.0
2021-08-12,299884.32,298560.0
2021-08-13,301721.68,300320.0
2021-08-16,301545.68,300144.0
2021-08-17,300329.68,298928.0
2021-08-18,299553.68,298152.0
2021-08-19,295585.68,294184.0
2021-08-20,299457.68,298056.0
2021-08-23,302449.68,301048.0
2021-08-24,306481.68,305080.0
2021-08-25,307113.68,305712.0
2021-08-26,306545.68,305144.0
2021-08-27,305865.68,304464.0
2021-08-30,308991.36000000004,307488.0
2021-08-31,311919.36000000004,310416.0
2021-09-01,312343.36000000004,310840.0
2021-09-02,313087.36000000004,311584.0
2021-09-03,310887.36000000004,309384.0
2021-09-07,312855.36000000004,311352.0
2021-09-08,313055.36000000004,311552.0
2021-09-09,312319.36000000004,310816.0
2021-09-10,312495.36000000004,310992.0
2021-09-13,310703.36000000004,309200.0
2021-09-14,309799.36000000004,308296.0
2021-09-15,308095.36000000004,306592.0
2021-09-16,308855.36000000004,307352.0
2021-09-17,309826.0,308264.0
2021-09-20,301869.2,299976.0
2021-09-21,301965.2,300072.0
2021-09-22,301573.2,299680.0
2021-09-23,304509.2,302616.0
2021-09-24,304421.2,302528.0
2021-09-27,304061.2,302168.0
2021-09-28,300437.2,298544.0
2021-09-29,296837.2,294944.0
2021-09-30,296677.2,294784.0
2021-10-01,294781.2,292888.0
2021-10-04,294909.04000000004,292824.0
2021-10-05,291061.04000000004,288976.0
2021-10-06,291357.04000000004,289272.0
2021-10-07,298333.04000000004,296248.0
2021-10-08,299357.04000000004,297272.0
2021-10-11,295757.04000000004,293672.0
2021-10-12,295997.04000000004,293912.0
2021-10-13,295701.04000000004,293616.0
2021-10-14,299045.04000000004,296960.0
2021-10-15,302397.04000000004,300312.0
2021-10-18,302181.04000000004,300096.0
2021-10-19,307093.04000000004,305008.0
2021-10-20,308845.04000000004,306760.0
2021-10-21,307421.04000000004,305336.0
2021-10-22,323925.04000000004,321792.0
2021-10-25,323589.04000000004,321456.0
2021-10-26,327325.04000000004,325192.0
2021-10-27,326805.04000000004,324672.0
2021-10-28,328701.04000000004,326568.0
2021-10-29,327989.04000000004,325856.0
2021-11-01,332389.04000000004,330256.0
2021-11-02,332581.04000000004,330448.0
2021-11-03,334781.04000000004,332648.0
2021-11-04,338725.04000000004,336592.0
2021-11-05,343173.04000000004,341040.0
2021-11-08,342280.48000000004,339864.0
2021-11-09,342752.48000000004,340336.0
2021-11-10,337400.48000000004,334984.0
2021-11-11,337480.48000000004,335064.0
2021-11-12,336840.48000000004,334424.0
2021-11-15,340152.48000000004,337736.0
2021-11-16,338512.48000000004,336096.0
2021-11-17,341624.48000000004,339208.0
2021-11-18,343208.48000000004,340792.0
2021-11-19,346168.48000000004,343752.0
2021-11-22,347880.48000000004,345464.0
2021-11-23,341912.48000000004,339496.0
2021-11-24,339368.48000000004,336952.0
2021-11-26,340509.52,337896.0
2021-11-29,340333.52,337720.0
2021-11-30,342645.52,340032.0
2021-12-01,342245.52,339632.0
2021-12-02,332261.52,329648.0
2021-12-03,336669.52,334056.0
2021-12-06,330525.52,327912.0
2021-12-07,338045.52,335432.0
2021-12-08,342157.52,339544.0
2021-12-09,342301.52,339688.0
2021-12-10,340917.52,338304.0
2021-12-13,342203.92000000004,339408.0
2021-12-14,333643.92000000004,330848.0
2021-12-15,334155.92000000004,331360.0
2021-12-16,342235.92000000004,339440.0
2021-12-17,330467.92000000004,327672.0
2021-12-20,327848.72000000003,324660.0
2021-12-21,331436.72000000003,328248.0
2021-12-22,335324.72000000003,332136.0
2021-12-23,339644.72000000003,336456.0
2021-12-27,342796.72000000003,339608.0
2021-12-28,347716.72000000003,344528.0
2021-12-29,345596.72000000003,342408.0
2021-12-30,345260.72000000003,342072.0
2021-12-31,344044.72000000003,340736.0
2022-01-03,343556.72000000003,340248.0
2022-01-04,346108.72000000003,342800.0
2022-01-05,340108.72000000003,336800.0
2022-01-06,330252.72000000003,326944.0
2022-01-07,331540.72000000003,328232.0
2022-01-10,324172.72000000003,320864.0
2022-01-11,327800.72000000003,324492.0
2022-01-12,335084.72000000003,331776.0
2022-01-13,335332.72000000003,332024.0
2022-01-14,324372.72000000003,321064.0
2022-01-18,323964.72000000003,320240.0
2022-01-19,322452.72000000003,318728.0
2022-01-20,320564.72000000003,316840.0
2022-01-21,312308.72000000003,308584.0
2022-01-24,317158.97000000003,312732.0
2022-01-25,317770.97000000003,313420.5
2022-01-26,323307.78,319036.5
2022-01-27,320499.78,315877.5
2022-01-28,314406.78,310144.5
2022-01-31,323559.78,319297.5
2022-02-01,333666.78,329404.5
2022-02-02,338858.07,334201.5
2022-02-03,328751.07,324094.5
2022-02-04,324746.07,320089.5
2022-02-07,328832.07,324175.5
2022-02-08,324638.07,319981.5
2022-02-09,333458.07,328801.5
2022-02-10,329642.07,324985.5
2022-02-11,328661.07,324004.5
2022-02-14,317915.07,313258.5
2022-02-15,323693.07,319036.5
2022-02-16,324512.07,319855.5
2022-02-17,323540.07,318883.5
2022-02-18,318286.86000000004,313186.5
2022-02-22,311158.86000000004,306058.5
2022-02-23,313705.86000000004,308605.5
2022-02-24,293473.86000000004,288373.5
2022-02-25,313696.86000000004,308596.5
2022-02-28,314776.86000000004,309676.5
2022-03-01,317692.86000000004,312592.5
2022-03-02,315289.86000000004,310189.5
2022-03-03,321454.86000000004,316354.5
2022-03-04,312373.86000000004,307273.5
2022-03-07,310455.24000000005,304978.5
2022-03-08,298539.24000000005,293062.5
2022-03-09,305469.24000000005,299992.5
2022-03-10,304632.24000000005,299155.5
2022-03-11,307782.24000000005,302305.5
2022-03-14,297711.24000000005,292234.5
2022-03-15,295686.24000000005,290209.5
2022-03-16,305847.24000000005,300370.5
2022-03-17,311427.24000000005,305950.5
2022-03-18,315360.24000000005,309883.5
2022-03-21,322464.84,316597.5
2022-03-22,322815.84,316948.5
2022-03-23,326207.04000000004,320026.5
2022-03-24,326018.04000000004,319837.5
2022-03-25,331229.04000000004,325048.5
2022-03-28,331004.04000000004,324823.5
2022-03-29,339608.04000000004,333427.5
2022-03-30,339945.54000000004,333765.0
2022-03-31,338114.04000000004,331933.5
2022-04-01,334127.04000000004,327946.5
2022-04-04,334037.04000000004,327856.5
2022-04-05,338627.04000000004,332446.5
2022-04-06,327683.04000000004,321502.5
2022-04-07,324614.04000000004,318433.5
2022-04-08,325226.04000000004,318505.5
2022-04-11,318467.04000000004,311746.5
2022-04-12,319322.04000000004,312601.5
2022-04-13,313958.04000000004,307237.5
2022-04-14,319934.04000000004,313213.5
2022-04-18,311753.04000000004,305032.5
2022-04-19,312365.04000000004,305644.5
2022-04-20,320519.04000000004,313798.5
2022-04-21,318809.04000000004,312088.5
2022-04-22,309017.04000000004,302296.5
2022-04-25,314909.76,307774.5
2022-04-26,318275.76,311140.5
2022-04-27,309068.76,301933.5
2022-04-28,313217.76,306082.5
2022-04-29,314882.76,307747.5
2022-05-02,305099.76,297964.5
2022-05-03,310202.76,303067.5
2022-05-04,310931.76,303796.5
2022-05-05,316205.76,309070.5
2022-05-06,303407.76,296272.5
2022-05-09,296684.76,289549.5
2022-05-10,297611.76,290476.5
2022-05-11,292391.76,285013.5
2022-05-12,282500.76,275122.5
2022-05-13,289943.76,282565.5
2022-05-16,293930.76,286552.5
2022-05-17,297800.76,290422.5
2022-05-18,295181.76,287803.5
2022-05-19,284156.76000000007,276778.5
2022-05-20,287612.76,280234.5
2022-05-23,284570.76,277192.5
2022-05-24,283108.26,275730.0
2022-05-25,280934.76,273556.5
2022-05-26,285191.76,277813.5
2022-05-27,296410.53,288703.5
2022-05-31,302287.53,294580.5
2022-06-01,303547.53,295840.5
2022-06-02,298489.53,290782.5
2022-06-03,302251.53,294544.5
2022-06-06,303799.53,296092.5
2022-06-07,297553.53,289846.5
2022-06-08,302269.53,294562.5
2022-06-09,299443.53,291736.5
2022-06-10,288409.53,280702.5
2022-06-13,276250.17000000004,268192.5
2022-06-14,274369.17000000004,266311.5
2022-06-15,275948.67000000004,267891.0
2022-06-16,272506.17,264448.5
2022-06-17,269437.17000000004,261379.5
2022-06-21,275824.47000000003,267292.5
2022-06-22,275617.47,267085.5
2022-06-23,279838.47,271306.5
2022-06-24,283915.47000000003,275383.5
2022-06-27,291349.47000000003,282817.5
2022-06-28,288649.47000000003,280117.5
2022-06-29,280009.47,271477.5
2022-06-30,277930.65,269092.5
2022-07-01,276310.65,267472.5
2022-07-05,275734.65,266896.5
2022-07-06,283870.65,275032.5
2022-07-07,285922.65,277084.5
2022-07-08,288127.65,279289.5
2022-07-11,288847.65,280009.5
2022-07-12,286543.65,277705.5
2022-07-13,277795.65,268957.5
2022-07-14,279946.65,271108.5
2022-07-15,286330.62000000005,277174.5
2022-07-18,290821.62,281665.5
2022-07-19,289372.62,280216.5
2022-07-20,294430.62,285274.5
2022-07-21,298723.62,289567.5
2022-07-22,301360.62,292204.5
2022-07-25,297391.62,288235.5
2022-07-26,309837.13,300094.5
2022-07-27,310296.13,300604.5
2022-07-28,317091.13,308154.5
2022-07-29,321551.93000000005,312949.5
2022-08-01,324078.57,315214.5
2022-08-02,323421.57,314484.5
2022-08-03,326365.76,317614.5
2022-08-04,332593.76,324534.5
2022-08-05,329363.68000000005,320754.5
2022-08-08,332872.98000000004,324254.5
2022-08-09,329344.98000000004,320334.5
2022-08-10,334856.09,326154.5
2022-08-11,338199.59,329869.5
2022-08-12,336435.36000000004,327739.5
2022-08-15,339509.77,330984.5
2022-08-16,341881.27,333619.5
2022-08-17,339757.75000000006,330634.5
2022-08-18,339190.75000000006,330004.5
2022-08-19,336864.75000000006,327734.5
2022-08-22,329194.75000000006,320064.5
2022-08-23,324814.75000000006,315684.5
2022-08-24,324304.75000000006,315174.5
2022-08-25,327524.75000000006,318394.5
2022-08-26,330974.75000000006,321844.5
2022-08-29,315314.75000000006,306184.5
2022-08-30,316794.75000000006,307664.5
2022-08-31,314684.75000000006,305554.5
2022-09-01,307414.75000000006,298284.5
2022-09-02,313561.45,303904.5
2022-09-06,306881.45,297224.5
2022-09-07,304761.45,295104.5
2022-09-08,308071.45,298414.5
2022-09-09,314051.45,304394.5
2022-09-12,319721.45,310064.5
2022-09-13,313021.45,303364.5
2022-09-14,306086.45,296429.5
2022-09-15,305291.45,295634.5
2022-09-16,298941.45,289284.5
2022-09-19,298210.45,287664.5
2022-09-20,300600.45,290054.5
2022-09-21,301700.45,291154.5
2022-09-22,294110.45,283564.5
2022-09-23,289660.45,279114.5
2022-09-26,287140.45,276594.5
2022-09-27,289920.45,279374.5
2022-09-28,286570.45,276024.5
2022-09-29,287970.45,277424.5
2022-09-30,283140.45,272594.5
2022-10-03,281180.45,270634.5
2022-10-04,291100.45,280554.5
2022-10-05,290390.45,279844.5
2022-10-06,293070.45,282524.5
2022-10-07,287530.45,276584.5
2022-10-10,281810.45,270864.5
2022-10-11,277210.45,266264.5
2022-10-12,275910.45,264964.5
2022-10-13,267670.45,256724.5
2022-10-14,283710.45,272764.5
2022-10-17,279350.45,268404.5
2022-10-18,289040.45,278094.5
2022-10-19,282440.45,271494.5
2022-10-20,282090.45,271144.5
2022-10-21,280490.45,269544.5
2022-10-24,303521.45,292254.5
2022-10-25,307241.45,295974.5
2022-10-26,306563.12000000005,295024.5
2022-10-27,304893.12000000005,293354.5
2022-10-28,299756.12000000005,288794.5
2022-10-31,307115.12000000005,295484.5
2022-11-01,309947.62000000005,298059.5
2022-11-02,302891.12000000005,291644.5
2022-11-03,289614.12000000005,279574.5
2022-11-04,292386.12,282094.5
2022-11-07,292628.12000000005,282314.5
2022-11-08,296357.12000000005,285704.5
2022-11-09,295162.74000000005,284324.5
2022-11-10,304237.74000000005,292574.5
2022-11-11,311442.74000000005,299124.5
2022-11-14,315072.74000000005,302424.5
2022-11-15,322057.74000000005,308774.5
2022-11-16,316755.74000000005,303954.5
2022-11-17,309594.74000000005,297444.5
2022-11-18,317305.74000000005,304454.5
2022-11-21,312366.74000000005,299964.5
2022-11-22,311530.74000000005,299204.5
2022-11-23,315193.7400000001,302534.5
2022-11-25,317030.74000000005,303754.5
2022-11-28,314511.74000000005,301464.5
2022-11-29,312355.74000000005,299504.5
2022-11-30,310045.74000000005,297404.5
2022-12-01,324180.74000000005,310254.5
2022-12-02,318515.74000000005,305104.5
2022-12-05,320539.74000000005,306944.5
2022-12-06,317349.74000000005,304044.5
2022-12-07,309638.7400000001,297034.5
2022-12-08,311222.74000000005,298474.5
2022-12-09,312212.74000000005,299374.5
2022-12-12,311891.5400000001,298784.5
2022-12-13,327764.54000000004,313214.5
2022-12-14,318304.54000000004,304614.5
2022-12-15,312012.54000000004,298894.5
2022-12-16,305269.54000000004,292764.5
2022-12-19,303427.04000000004,290434.5
2022-12-20,297586.04000000004,285124.5
2022-12-21,299830.04000000004,287164.5
2022-12-22,299588.04000000004,286944.5
2022-12-23,294187.0400000001,282034.5
2022-12-27,295584.04000000004,283304.5
2022-12-28,291657.04000000004,279734.5
2022-12-29,291426.04000000004,279524.5
2022-12-30,292152.04000000004,280184.5
2023-01-03,298012.62000000005,285214.5
2023-01-04,295801.62000000005,283204.5
2023-01-05,292941.62000000005,280604.5
2023-01-06,292182.62000000005,279914.5
2023-01-09,300410.62000000005,287394.5
2023-01-10,298936.62000000005,286054.5
2023-01-11,303809.62000000005,290484.5
2023-01-12,308429.62000000005,294684.5
2023-01-13,306647.62000000005,293064.5
2023-01-17,311344.62000000005,297334.5
2023-01-18,313918.62000000005,299674.5
2023-01-19,306339.6200000001,292784.5
2023-01-20,306966.62000000005,293354.5
2023-01-23,314682.79000000004,300104.5
2023-01-24,318829.79000000004,303874.5
2023-01-25,329935.79000000004,315334.5
2023-01-26,338130.7900000001,323529.50000000006
2023-01-27,338988.79000000004,324387.5
2023-01-30,340011.79000000004,325410.5
2023-01-31,337129.79000000004,322528.5
2023-02-01,341639.79000000004,327038.5
2023-02-02,356115.79000000004,341514.5
2023-02-03,353222.79000000004,338621.5
2023-02-06,351649.79000000004,337048.5
2023-02-07,351594.79000000004,336993.5
2023-02-08,357182.79000000004,342581.5
2023-02-09,357512.79000000004,342911.5
2023-02-10,347216.79000000004,332615.5
2023-02-13,349435.49000000005,334430.5
2023-02-14,351371.49000000005,336366.5
2023-02-15,353582.49000000005,338577.5
2023-02-16,353010.49000000005,338005.5
2023-02-17,349369.49000000005,334364.5
2023-02-21,345178.49000000005,330173.5
2023-02-22,342274.49000000005,327269.5
2023-02-23,345959.4900000001,330954.50000000006
2023-02-24,339128.49000000005,324123.5
2023-02-27,342769.49000000005,327764.5
2023-02-28,340822.49000000005,325817.5
2023-03-01,340778.49000000005,325773.5
2023-03-02,335718.49000000005,320713.5
2023-03-03,343121.49000000005,328116.5
2023-03-06,349626.45,334221.5
2023-03-07,348669.45,333264.5
2023-03-08,345039.45,329634.5
2023-03-09,346755.45,331350.5
2023-03-10,340705.45,325300.5
2023-03-13,333995.45,318590.5
2023-03-14,342333.45,326928.5
2023-03-15,342773.45,327368.5
2023-03-16,346392.45,330987.5
2023-03-17,355984.45000000007,340579.50000000006
2023-03-20,353797.65,337873.5
2023-03-21,357845.65,341921.5
2023-03-22,360408.65,344484.5
2023-03-23,360023.65,344099.5
2023-03-24,359363.65,343439.5
2023-03-27,362256.65,345947.5
2023-03-28,358483.65,342174.5
2023-03-29,361464.65,345155.5
2023-03-30,366260.65,349951.5
2023-03-31,366997.65,350688.5
2023-04-03,370143.65,353834.5
2023-04-04,372156.65,355847.5
2023-04-05,369406.65,353097.5
2023-04-06,365160.65,348851.5
2023-04-10,366073.65,349764.5
2023-04-11,369109.65,352800.5
2023-04-12,369098.65,352789.5
2023-04-13,365809.65,349500.5
2023-04-14,368845.65,352536.5
2023-04-17,370032.44000000006,353152.5
2023-04-18,373156.44000000006,356276.5
2023-04-19,368118.44000000006,351238.5
2023-04-20,367326.44000000006,350446.5
2023-04-21,367568.44000000006,350688.5
2023-04-24,368085.44000000006,351205.5
2023-04-25,365786.44000000006,348906.5
2023-04-26,380080.4,362971.5
2023-04-27,382566.4,365457.5
2023-04-28,387538.73000000004,370308.5
2023-05-01,389938.53,372486.5
2023-05-02,389971.53,372519.5
2023-05-03,387139.53,369912.5
2023-05-04,383911.53,366953.5
2023-05-05,385603.5300000001,368504.50000000006
2023-05-08,390636.45000000007,372849.5
2023-05-09,390132.45000000007,372387.5
2023-05-10,392676.45000000007,374719.5
2023-05-11,394572.45000000007,376457.5
2023-05-12,395820.45000000007,377601.5
2023-05-15,394344.45000000007,376248.5
2023-05-16,395004.45000000007,376853.5
2023-05-17,397620.45000000007,379251.5
2023-05-18,401556.45000000007,382859.5
2023-05-19,408720.45000000007,389426.5
2023-05-22,407232.45000000007,388062.5
2023-05-23,406800.45000000007,387666.5
2023-05-24,401376.45000000007,382694.5
2023-05-25,410700.45000000007,391241.5
2023-05-26,412644.45000000007,393023.5
2023-05-30,427159.65,406168.5
2023-05-31,421951.65,401394.5
2023-06-01,421183.65,400690.5
2023-06-02,428467.65,407367.5
2023-06-05,429223.65,408060.5
2023-06-06,429043.64999999997,407895.49999999994
2023-06-07,430063.65,408830.5
2023-06-08,422851.65,402219.5
2023-06-09,429463.65,408280.5
2023-06-12,431335.65,409996.5
2023-06-13,439855.65,417806.5
2023-06-14,439831.65,417784.5
2023-06-15,441439.65,419258.5
2023-06-16,451171.6500000001,428179.50000000006
2023-06-20,444130.53,420732.5
2023-06-21,443878.53,420501.5
2023-06-22,437746.53,414880.5
2023-06-23,439642.53,416618.5
2023-06-26,439390.53,416387.5
2023-06-27,436090.53,413362.5
2023-06-28,439366.53,416365.5
2023-06-29,442078.53,418851.5
2023-06-30,446050.53,422492.5
2023-07-03,449074.53,425264.5
2023-07-05,447424.53,423752.0
2023-07-06,444802.53,421348.5
2023-07-07,445666.53,422140.5
2023-07-10,444850.53,420743.5
2023-07-11,445846.53,421656.5
2023-07-12,452506.52999999997,427761.5
2023-07-13,456958.53,431842.5
2023-07-14,461200.53,435731.0
2023-07-17,461458.53,435967.5
2023-07-18,464050.53,438343.5
2023-07-19,469882.53,443689.5
2023-07-20,464830.53,439058.5
2023-07-21,460714.53,435285.5
2023-07-24,457642.53,432469.5
2023-07-25,458038.53,432832.5
2023-07-26,458962.5300000001,433679.50000000006
2023-07-27,480382.53,454564.5
2023-07-28,477586.53,452001.5
2023-07-31,481608.69000000006,455356.5
2023-08-01,479832.69000000006,453728.5
2023-08-02,476172.69000000006,450373.5
2023-08-03,467388.69000000006,442321.5
2023-08-04,471960.69000000006,446512.5
2023-08-07,469716.69000000006,444455.5
2023-08-08,468228.69000000006,443091.5
2023-08-09,467808.69000000006,442706.5
2023-08-10,466224.6900000001,441254.50000000006
2023-08-11,460248.69000000006,435776.5
2023-08-14,459576.69000000006,435160.5
2023-08-15,464292.69000000006,439483.5
2023-08-16,460104.69000000006,435644.5
2023-08-17,457812.69000000006,433543.5
2023-08-18,447372.69000000006,423973.5
2023-08-21,453245.25000000006,428769.5
2023-08-22,461561.25000000006,436392.5
2023-08-23,459197.25000000006,434225.5
2023-08-24,468869.25000000006,443091.5
2023-08-25,456185.25000000006,431464.5
2023-08-28,462089.25000000006,436876.5
2023-08-29,461573.25000000006,436403.5
2023-08-30,471557.25000000006,445555.5
2023-08-31,474029.25000000006,447821.5
2023-09-01,478181.25000000006,451627.5
2023-09-05,473825.25000000006,447634.5
2023-09-06,474437.25,448195.49999999994
2023-09-07,465953.25000000006,440418.5
2023-09-08,468113.25000000006,442398.5
2023-09-11,472718.2500000001,446413.5
2023-09-12,472250.25000000006,445984.5
2023-09-13,469562.25,443520.49999999994
2023-09-14,473114.25000000006,446776.5
2023-09-15,473018.2500000001,446688.5
2023-09-18,465753.45000000007,439439.5
2023-09-19,465753.45000000007,439439.5
2023-09-20,467709.45000000007,441232.5
2023-09-21,455529.45000000007,430067.5
2023-09-22,454125.45000000007,428780.5
2023-09-25,450885.45000000007,425810.5
2023-09-26,450957.45000000007,425876.5
2023-09-27,449025.45000000007,424105.5
2023-09-28,447501.45000000007,422708.5
2023-09-29,456417.45000000007,430881.5
2023-10-02,453291.21,427581.5
2023-10-03,453579.20999999996,427845.49999999994
2023-10-04,449967.21,424534.5
2023-10-05,454731.21,428901.5
2023-10-06,449823.21,424402.5
2023-10-09,457803.21,431717.5
2023-10-10,463323.21,436777.5
2023-10-11,466971.21,440121.5
2023-10-12,469119.21,442090.5
2023-10-13,467727.21,440814.5
2023-10-16,462987.21,436469.5
2023-10-17,462015.21,435578.5
2023-10-18,461847.21,435424.5
2023-10-19,460815.21,434478.5
2023-10-20,454395.21,428593.5
2023-10-23,447701.73000000004,421773.5
2023-10-24,452801.73000000004,426448.5
2023-10-25,467303.77,440557.5
2023-10-26,458207.77,431461.5
2023-10-27,453922.77,428233.5
2023-10-30,455742.77,429913.5
2023-10-31,457562.77,431593.5
2023-11-01,460799.7700000001,434581.50000000006
2023-11-02,473565.77,446365.5
2023-11-03,477738.77,450217.5
2023-11-06,482600.77,454705.5
2023-11-07,484914.77,456841.5
2023-11-08,488567.77,460213.5
2023-11-09,489295.77,460885.5
2023-11-10,486929.77,458701.5
2023-11-13,493748.27,464665.5
2023-11-14,502744.27,472969.5
2023-11-15,507346.27,477217.5
2023-11-16,504213.26999999996,474325.49999999994
2023-11-17,504694.27,474769.5
2023-11-20,505786.27,475777.5
2023-11-21,509634.27,479329.5
2023-11-22,511662.27,481201.5
2023-11-24,510466.26999999996,480097.5
2023-11-27,509634.27,479329.5
2023-11-28,508854.2700000001,478609.50000000006
2023-11-29,514418.27,483745.5
2023-11-30,511025.27,480613.5
2023-12-01,507996.27,477817.5
2023-12-04,506180.56,475825.49999999994
2023-12-05,503970.56000000006,473785.5
2023-12-06,511614.56000000006,480841.5
2023-12-07,508754.56000000006,478201.5
2023-12-08,509534.56000000006,478921.5
2023-12-11,513525.56000000006,482605.5
2023-12-12,518491.56000000006,487189.5
2023-12-13,523769.56000000006,492061.5
2023-12-14,530737.56,498493.5
2023-12-15,529697.56,497533.5
2023-12-18,531722.9600000001,498433.5
2023-12-19,535115.9600000001,501565.5
2023-12-20,536168.9600000001,502537.5
2023-12-21,534491.9600000001,500989.5
2023-12-22,537013.9600000001,503317.5
2023-12-26,537338.9600000001,503617.5
2023-12-27,539980.3,505657.5
2023-12-28,542216.3,507721.5
2023-12-29,540409.3,506053.49999999994
2024-01-02,533337.3,499525.49999999994
2024-01-03,525654.3,492433.5
2024-01-04,521117.30000000005,488245.5
2024-01-05,521130.30000000005,488257.5
2024-01-08,523132.30000000005,490105.5
2024-01-09,528228.3,494809.50000000006
2024-01-10,533636.3,499801.5
2024-01-11,538472.3,504265.5
2024-01-12,539265.3,504997.5
2024-01-16,536877.5900000001,502489.5
2024-01-17,534095.5900000001,499921.5
2024-01-18,539750.5900000001,505141.5
2024-01-19,545860.5900000001,510781.50000000006
2024-01-22,556507.5900000001,520609.50000000006
2024-01-23,555233.5900000001,519433.5
2024-01-24,561746.5900000001,525445.5
2024-01-25,562942.5900000001,526549.5
2024-01-26,572846.5900000001,536845.5
2024-01-29,572625.5900000001,536641.5
2024-01-30,576304.5900000001,540037.5
2024-01-31,568179.5900000001,532537.5
2024-02-01,565501.5900000001,530065.5
2024-02-02,572014.5900000001,536077.5
2024-02-05,579254.16,542401.5
2024-02-06,579956.16,543049.5
2024-02-07,580996.16,544009.5
2024-02-08,583206.16,546049.5
2024-02-09,585585.16,548245.5
2024-02-12,589485.16,551845.5
2024-02-13,576927.16,540253.5
2024-02-14,582101.16,545029.5
2024-02-15,585559.16,548221.5
2024-02-16,586820.16,549385.5
2024-02-20,578578.16,541777.5
2024-02-21,573378.16,536977.5
2024-02-22,586300.16,548905.5
2024-02-23,593008.16,555097.5
2024-02-26,590619.02,552637.5
2024-02-27,590710.02,552721.5
2024-02-28,587798.02,550033.5
2024-02-29,591438.02,553393.5
2024-03-01,593609.02,555397.5
2024-03-04,601032.02,562249.5
2024-03-05,594961.02,556645.5
2024-03-06,594155.02,555901.5
2024-03-07,596885.02,558421.5
2024-03-08,601292.02,562489.5
2024-03-11,590502.02,552529.5
2024-03-12,593388.02,555193.5
2024-03-13,597184.02,558697.5
2024-03-14,595689.02,557317.5
2024-03-15,588630.02,550801.5
2024-03-18,593169.75,553993.5
2024-03-19,588905.75,550057.5
2024-03-20,594534.75,555253.5
2024-03-21,606364.75,566173.5
2024-03-22,601775.75,561937.5
2024-03-25,599435.75,559777.5
2024-03-26,603010.75,563077.5
2024-03-27,603192.75,563245.5
2024-03-28,601034.75,561253.5
2024-04-01,601281.75,561481.5
2024-04-02,594924.75,555613.5
2024-04-03,593468.75,554269.5
2024-04-04,603049.75,563113.5
2024-04-05,590634.75,551653.5
2024-04-08,596980.05,557209.5
2024-04-09,598995.05,559069.5
2024-04-10,591247.05,551917.5
2024-04-11,595485.05,555829.5
2024-04-12,596577.05,556837.5
2024-04-15,597825.05,557989.5
2024-04-16,583317.05,544597.5
2024-04-17,586177.05,547237.5
2024-04-18,577584.05,539305.5
2024-04-19,572033.05,534181.5
2024-04-22,565650.05,528289.5
2024-04-23,570148.05,532441.5
2024-04-24,579807.05,541357.5
2024-04-25,568159.05,530605.5
2024-04-26,594053.05,555661.5
2024-04-29,601769.2000000001,562273.5
2024-04-30,599195.2000000001,559897.5
2024-05-01,588795.2000000001,550297.5
2024-05-02,591590.2000000001,553092.5
2024-05-03,603472.2000000001,564974.5
2024-05-06,607190.2000000001,568692.5
2024-05-07,611610.2000000001,573112.5
2024-05-08,607671.2000000001,569173.5
2024-05-09,611129.2000000001,572631.5
2024-05-10,614002.2000000001,575504.5
2024-05-13,615887.2000000001,577389.5
2024-05-14,614145.2000000001,575647.5
2024-05-15,621659.2000000001,583161.5
2024-05-16,627223.2000000001,588725.5
2024-05-17,626443.2000000001,587945.5
2024-05-20,626635.3400000001,587776.5
2024-05-21,628013.3400000001,589154.5
2024-05-22,631939.3400000001,593080.5
2024-05-23,637776.3400000001,598917.5
2024-05-24,630938.3400000001,592079.5
2024-05-28,635995.3400000001,597136.5
2024-05-29,631185.3400000001,592326.5
2024-05-30,631211.3400000001,592352.5
2024-05-31,626375.3400000001,587516.5
2024-06-03,630002.3400000001,591143.5
2024-06-04,627792.3400000001,588933.5
2024-06-05,634435.3400000001,595576.5
2024-06-06,642547.3400000001,603688.5
2024-06-07,640961.3400000001,602102.5
2024-06-10,639895.3400000001,600568.5
2024-06-11,642131.3400000001,602804.5
2024-06-12,653116.3400000001,613789.5
2024-06-13,660565.3400000001,621238.5
2024-06-14,659005.3400000001,619678.5
2024-06-17,662827.3400000001,623500.5
2024-06-18,670042.3400000001,630715.5
2024-06-20,671875.3400000001,632548.5
2024-06-21,665076.3400000001,625749.5
2024-06-24,662153.9400000001,621836.5
2024-06-25,659410.9400000001,619093.5
2024-06-26,662634.9400000001,622317.5
2024-06-27,664675.9400000001,624358.5
2024-06-28,667652.9400000001,627335.5
2024-07-01,664821.8,624254.5
2024-07-02,665302.8,624735.5
2024-07-03,672855.8,632288.5
2024-07-05,680226.8,639659.5
2024-07-08,686258.8,645691.5
2024-07-09,689300.8,648733.5
2024-07-10,690392.8,649825.5
2024-07-11,694760.8,654193.5
2024-07-12,681032.8,640465.5
2024-07-15,686362.8,645795.5
2024-07-16,687675.8,647108.5
2024-07-17,675533.8,634966.5
2024-07-18,671958.8,631391.5
2024-07-19,663664.8,623097.5
2024-07-22,667078.3400000001,625710.5
2024-07-23,667403.3400000001,626035.5
2024-07-24,657536.3400000001,616168.5
2024-07-25,644406.3400000001,603038.5
2024-07-26,643015.3400000001,601647.5
2024-07-29,662471.5800000001,620625.5
2024-07-30,662653.5800000001,620807.5
2024-07-31,665647.2300000001,623433.5
2024-08-01,670704.2300000001,628490.5
2024-08-02,641862.2300000001,601359.5
2024-08-05,605210.2300000001,567325.5
2024-08-06,622738.2300000001,583601.5
2024-08-07,635702.2300000001,595639.5
2024-08-08,628100.2300000001,588580.5
2024-08-09,636052.2300000001,595964.5
2024-08-12,643783.17,602009.5
2024-08-13,649985.17,607768.5
2024-08-14,660751.17,617765.5
2024-08-15,668101.17,624590.5
2024-08-16,673505.17,629608.5
2024-08-19,677075.17,632923.5
2024-08-20,684327.17,639657.5
2024-08-21,685307.17,640567.5
2024-08-22,690613.17,645494.5
2024-08-23,682773.17,638214.5
2024-08-26,683067.17,638487.5
2024-08-27,675003.17,630999.5
2024-08-28,678643.17,634379.5
2024-08-29,674429.17,630466.5
2024-08-30,676893.17,632754.5
2024-09-03,674668.01,630362.5
2024-09-04,654326.01,611473.5
2024-09-05,654746.01,611863.5
2024-09-06,656650.01,613631.5
2024-09-09,646472.01,604180.5
2024-09-10,650924.01,608314.5
2024-09-11,656062.01,613085.5
2024-09-12,668298.01,624447.5
2024-09-13,673660.01,629426.5
2024-09-16,674654.01,630349.5
2024-09-17,678994.01,634379.5
2024-09-18,676768.01,632312.5
2024-09-19,687842.01,642595.5
2024-09-20,687674.01,642439.5
2024-09-23,689799.77,643037.5
2024-09-24,691913.77,645000.5
2024-09-25,692305.77,645364.5
2024-09-26,704387.77,656583.5
2024-09-27,700369.77,652852.5
2024-09-30,693761.77,646716.5
2024-10-01,696449.77,649212.5
2024-10-02,686173.77,639670.5
2024-10-03,685305.77,638864.5
2024-10-04,696099.77,648887.5
2024-10-07,693215.77,646209.5
2024-10-08,692193.77,645260.5
2024-10-09,698269.77,650902.5
2024-10-10,700859.77,653307.5
2024-10-11,700705.77,653164.5
2024-10-14,708273.05,659703.5
2024-10-15,711157.05,662381.5
2024-10-16,701847.05,653736.5
2024-10-17,709211.05,660574.5
2024-10-18,705879.05,657480.5
2024-10-21,704745.05,656427.5
2024-10-22,704017.05,655751.5
2024-10-23,705221.05,656869.5
2024-10-24,703149.05,654945.5
2024-10-25,722391.05,673884.5
2024-10-28,727039.05,678200.5
2024-10-29,723203.05,674638.5
2024-10-30,728341.05,679409.5
2024-10-31,718527.05,670296.5
2024-11-01,708895.05,661352.5
2024-11-04,711843.4500000001,663068.5
2024-11-05,712949.4500000001,664095.5
2024-11-06,731079.4500000001,680930.5
2024-11-07,742055.4500000001,691122.5
2024-11-08,748544.4500000001,697148.0
2024-11-11,751813.4500000001,700183.5
2024-11-12,749573.4500000001,698103.5
2024-11-13,747655.4500000001,696322.5
2024-11-14,746969.4500000001,695685.5
2024-11-15,734411.4500000001,684024.5
2024-11-18,727677.4500000001,677771.5
2024-11-19,726683.4500000001,676848.5
2024-11-20,734719.4500000001,684310.5
2024-11-21,739031.4500000001,688314.5
2024-11-22,736483.4500000001,685948.5
2024-11-25,744333.67,693072.5
2024-11-26,741785.67,690706.5
2024-11-27,741911.67,690823.5
2024-11-29,738775.67,687911.5
2024-12-02,745887.67,694515.5
2024-12-03,750003.6700000002,698337.5000000001
2024-12-04,758921.6700000002,706618.5000000001
2024-12-05,763107.6699999999,710505.4999999999
2024-12-06,761945.67,709426.5
2024-12-09,766243.6699999999,713417.4999999999
2024-12-10,763541.67,710908.5
2024-12-11,765473.67,712702.5
2024-12-12,769225.6699999999,716186.4999999999
2024-12-13,773265.51,719800.5
2024-12-16,776933.51,723206.5
2024-12-17,781525.51,727470.5
2024-12-18,779831.51,725897.5
2024-12-19,760287.5100000001,707749.5000000001
2024-12-20,745237.51,693774.5
2024-12-23,759160.5099999999,705617.4999999999
2024-12-24,766552.51,712481.5
2024-12-26,771438.5100000001,717018.5000000001
2024-12-27,768204.51,714015.5
2024-12-30,753504.51,700365.5
2024-12-31,755645.53,702172.5
2025-01-02,752005.5299999999,698792.4999999999
2025-01-03,750675.53,697557.5
2025-01-06,765613.53,711428.5
2025-01-07,767811.53,713469.5
2025-01-08,753097.53,699806.5
2025-01-10,748057.53,695126.5
2025-01-13,733665.53,681762.5
2025-01-14,744221.53,691564.5
2025-01-15,750227.53,697141.5
2025-01-16,758557.53,704876.5
2025-01-17,763975.53,709907.5
2025-01-21,766728.77,712026.5
2025-01-22,773854.7700000001,718643.5000000001
2025-01-23,773112.77,717954.5
2025-01-24,778684.77,723128.5
2025-01-27,747856.77,694502.5
2025-01-28,753764.77,699988.5
2025-01-29,778900.77,724400.5
2025-01-30,780650.77,726025.5
2025-01-31,785144.77,730198.5
2025-02-03,766314.77,712713.5
2025-02-04,773538.77,719421.5
2025-02-05,778004.7700000001,723568.5000000001
2025-02-06,785760.77,730770.5
2025-02-07,789652.77,734384.5
2025-02-10,786077.17,730588.5
2025-02-11,784313.17,728950.5
2025-02-12,779189.1699999999,724192.4999999999
2025-02-13,789941.17,734176.5
2025-02-14,798376.17,742009.0
2025-02-18,803591.17,746851.5
2025-02-19,801967.1700000002,745343.5000000001
2025-02-20,802191.17,745551.5
2025-02-21,801701.17,745096.5
2025-02-24,787001.17,731446.5
2025-02-25,774905.17,720214.5
2025-02-26,769711.17,715391.5
2025-02-27,773351.17,718771.5
2025-02-28,748151.17,695371.5
2025-03-03,764888.17,710178.5
2025-03-04,740612.17,687636.5
2025-03-05,743440.17,690262.5
2025-03-06,739926.17,686999.5
2025-03-07,731130.9500000001,678510.5
2025-03-10,725581.9500000001,673687.5
2025-03-11,708931.9500000001,659257.5
2025-03-12,719146.9500000001,668110.5
2025-03-13,714781.9500000001,664327.5
2025-03-14,711001.9500000001,661051.5
2025-03-17,719821.9500000001,668695.5
2025-03-18,719521.9500000001,668435.5
2025-03-19,715621.9500000001,665055.5
2025-03-20,715726.9500000001,665146.5
2025-03-21,711526.9500000001,661506.5
2025-03-24,734526.3,679264.5
2025-03-25,740001.3,684009.5
2025-03-26,741366.3,685192.5
2025-03-27,726531.3,672335.5
2025-03-28,722631.3,668955.5
2025-03-31,695796.3,645698.5
2025-04-01,703866.3,652692.5
2025-04-02,702096.3,651158.5
2025-04-03,687576.3,638574.5
2025-04-04,660126.3,614784.5
2025-04-07,615906.3,573512.5
2025-04-08,660156.3,614812.5
2025-04-09,626271.3,583186.5
2025-04-10,683256.3,636372.5
2025-04-11,669891.3,623898.5
2025-04-14,700609.65,651632.5
2025-04-15,691729.65,643344.5
2025-04-16,677464.65,630030.5
2025-04-17,674674.65,627426.5
2025-04-21,661264.65,614910.5
2025-04-22,662149.65,615736.5
2025-04-23,691174.65,642826.5
2025-04-24,688639.65,640460.5
2025-04-25,704374.65,655146.5
2025-04-28,713464.65,663630.5
2025-04-29,709174.65,659626.5
2025-04-30,720801.0,670370.5
2025-05-01,745221.0,693162.5
2025-05-02,749916.0,697544.5
2025-05-05,747006.0,694828.5
2025-05-06,739446.0,687772.5
2025-05-07,743226.0,691300.5
2025-05-08,752901.0,700330.5
2025-05-09,755421.0,702682.5
2025-05-12,780591.0,726174.5
2025-05-13,783846.0,729212.5
2025-05-14,795261.0,739866.5
2025-05-15,794886.0,739516.5
2025-05-16,781132.6,745312.5
2025-05-19,771907.76,736324.5
2025-05-20,779907.5,743646.5
2025-05-21,775714.1,739166.5
2025-05-22,772060.1,735512.5
2025-05-23,760606.1,725040.5
2025-05-27,775561.1,738998.5
2025-05-28,784606.0999999999,747440.4999999999
2025-05-29,790831.1000000001,753250.5
2025-05-30,780496.1000000001,743604.5000000001
2025-06-02,777196.1,740524.5
2025-06-03,786676.0999999999,749372.4999999999
2025-06-04,793351.1,755602.5
2025-06-05,796606.0999999999,758640.4999999999
2025-06-06,796336.1,758388.5
2025-06-09,797050.7,758584.5
2025-06-10,798595.6999999998,760026.5
2025-06-11,805270.7,766256.5
2025-06-12,798475.7,759914.5
2025-06-13,793360.6999999998,755140.4999999999
2025-06-16,797590.7,759088.5
2025-06-17,799405.7,760782.5
2025-06-18,796990.7,758528.5
2025-06-20,800230.7,761552.5
2025-06-23,792942.1999999998,753922.4999999999
2025-06-24,808062.2,768034.5
2025-06-25,815817.1999999998,775272.4999999999
2025-06-26,817752.2,777078.5
2025-06-27,823617.2,782552.5
2025-06-30,830102.75,788152.5
2025-07-01,827807.75,786010.5
2025-07-02,822452.75,781012.5
2025-07-03,832982.7499999999,790840.4999999999
2025-07-07,833492.75,791316.5
2025-07-08,833282.75,791120.5
2025-07-09,834932.75,792660.5
2025-07-10,838547.75,796034.5
2025-07-11,833162.7499999999,791008.4999999999
2025-07-14,834197.75,791974.5
2025-07-15,843587.75,800738.5
2025-07-16,839132.75,796580.5
2025-07-17,840242.75,797616.5
2025-07-18,847892.75,804756.5
2025-07-21,846750.7999999999,803314.5
2025-07-22,850065.7999999998,806408.4999999999
2025-07-23,847125.7999999999,803664.5
2025-07-24,851310.7999999999,807570.5
2025-07-25,851010.7999999998,807290.4999999999
2025-07-28,855225.7999999999,811224.5
2025-07-29,859755.7999999999,815452.5
2025-07-30,855885.7999999998,811840.4999999999
2025-07-31,880425.7999999999,835744.5
2025-08-01,856860.8,813750.5
2025-08-04,857190.7999999998,814058.4999999999
2025-08-05,866700.7999999999,822934.5
2025-08-06,860280.7999999999,816942.5
2025-08-07,876120.7999999998,831726.5
2025-08-08,874290.8,830018.5000000001
2025-08-11,880953.6500000001,835954.5000000001
2025-08-12,881658.65,836612.5
2025-08-13,893058.65,847252.5
2025-08-14,886338.65,840980.5
2025-08-15,888618.6499999999,843108.4999999999
